1.329988,0.648204,-0.002858,2.263850,-1.680083,-0.807241,0.936794,0.509191,-0.477086,-0.093397
0.247900,-1.139343,-0.130512,1.956193,-1.656349,0.911518,1.586154,1.806656,-1.478164,-0.731413
-0.889178,-0.931709,1.009240,0.548608,0.910711,-2.182349,0.612251,1.209510,-0.408925,-0.277423
-0.294775,-1.017393,-0.239823,2.537027,1.434538,0.819827,-0.899752,2.298889,1.245066,-1.366553
-1.006699,0.461847,-1.446422,-0.185791,0.742634,0.232737,-0.731848,1.487811,0.904367,0.599430
0.440651,-1.221911,1.049448,0.323958,-0.763164,-1.036124,-0.872270,2.148618,-1.957963,-1.935192
-0.752560,0.383471,-1.310600,0.848201,-3.594496,0.589711,-0.254884,0.203895,-0.187727,-1.849967
0.873186,-1.597395,0.000822,-2.427356,-0.384748,-1.956984,-0.354706,-0.442435,-0.874748,0.924656
0.484871,0.864817,0.913874,1.012556,1.742289,-2.308171,0.061499,2.131824,-0.582367,0.220208
-0.180424,-0.212789,-1.381630,2.114428,2.109915,0.149579,-0.750882,3.125789,-0.779408,-1.904172
-0.066731,-1.494826,1.221693,0.455217,-0.321932,0.767328,-1.190306,0.416745,0.461786,0.770210
-1.341338,0.297818,0.493577,2.120623,-0.171929,-1.284108,0.503602,-0.292350,-0.427290,-0.183437
1.464069,0.675408,-0.558795,0.143893,2.410190,-0.705024,-0.587201,1.083016,-0.899044,1.237861
-0.133481,0.439425,-0.164751,-0.915932,-3.100002,1.999881,0.116006,-0.954264,0.397807,-0.889140
0.591084,-0.735847,0.967042,-0.116935,0.597424,-1.002885,-1.691746,-0.470946,-0.657981,-0.354271
-1.148969,-0.421090,-0.818120,-3.056838,-3.260661,3.558681,-0.385105,-3.138000,0.261221,-2.297678
0.363036,-0.479056,0.207436,2.437502,1.233815,1.435714,-0.553474,2.599643,0.285051,-0.582490
0.472133,-0.530387,0.510985,-0.466613,-0.964857,0.834598,0.589183,0.350115,0.560805,-2.807536
0.049906,2.258852,-1.147920,2.162333,-1.674655,-0.888280,0.096226,0.665704,0.255418,-0.208004
0.142547,-1.350435,-0.255795,-0.357085,-2.454912,0.230363,-1.495976,-1.731965,-0.174234,-0.967315
1.694826,-0.226819,0.076255,0.751835,-0.852710,-1.012424,-0.537041,0.925490,0.967681,-1.829300
0.566258,0.610837,0.652508,-1.063246,-0.241955,3.080854,-1.116825,1.623325,0.079717,1.170798
-1.240824,0.958045,0.440653,-0.632969,0.725914,-1.092876,-1.129398,0.239669,0.733545,0.295403
0.773823,0.321873,0.687246,-2.606304,-1.532747,3.109111,0.565314,-1.016290,1.757313,0.308269
-0.401369,-0.485704,0.217555,0.638888,-1.377500,-0.784816,1.669687,2.200927,-1.008946,0.005393
1.302003,-0.620651,-0.424205,0.184354,2.427142,-1.859049,1.140102,1.803191,-1.486867,0.860987
-0.909241,1.406687,1.391860,-1.743215,-2.435445,1.966793,-1.441815,-2.247983,-1.474129,0.128759
-1.044621,-0.226617,-1.029683,1.068006,-0.103877,1.676893,0.825038,-1.657395,-0.374363,-0.865417
0.663312,-0.279936,1.215641,-0.849736,1.534804,-0.053944,0.179992,0.449770,-0.767377,-0.466550
0.688531,1.116681,1.578358,0.763862,-0.805189,0.059317,0.380474,-1.847348,-1.299627,-0.117746
0.950954,0.256751,0.643169,-1.623177,0.869022,2.404066,0.603595,1.265761,-0.510521,2.679191
1.942007,0.019815,0.154610,0.365558,-1.047252,-0.825560,1.008060,2.415071,-0.811874,1.949204
0.924088,0.184892,-1.089679,0.383718,-1.824662,-0.794845,-1.284722,3.383886,0.894676,-0.375360
0.488563,0.227607,-0.637068,-1.049621,2.249321,-0.338954,1.345366,0.877983,-0.004635,-0.211018
1.902581,-0.007487,0.762259,-2.259130,0.231728,-0.489945,-2.544011,-0.747326,-1.763734,0.189726
-1.430273,0.042711,-2.003778,0.632225,-0.535244,1.245624,-0.691833,0.916460,-1.306427,-0.798127
-1.432196,0.255752,-0.472403,-0.577311,-1.638270,0.810554,0.154211,-1.250501,0.898468,0.587169
0.184207,1.012418,0.882526,-1.672619,1.658283,0.944372,0.566742,0.447434,0.505337,-0.438484
-0.346571,0.813054,1.222352,2.685856,-2.414027,0.379106,0.095192,0.184610,-0.497074,0.798942
-2.274550,-0.554460,-0.594810,0.554149,-0.900304,-1.016384,-0.322926,0.551703,0.886930,0.762327
-0.258119,-1.640803,-1.360013,1.811446,-2.167550,0.797699,-0.321007,1.468790,0.934730,-0.572414
-0.093452,0.640391,-0.496984,-1.319266,-1.520964,-0.353785,-1.537026,-3.010153,-0.160539,0.546739
-1.036740,-0.847845,-0.804106,-0.188308,1.037273,-0.974853,0.096127,0.602220,0.152784,0.567433
0.655844,-0.340646,-1.460727,0.431507,0.863306,0.845781,-0.050118,0.173147,-0.297867,-0.371112
0.136408,1.316612,0.030081,0.524826,-0.230675,1.017046,0.803578,-1.028905,0.280628,0.584640
-1.161798,-0.808935,1.167389,-0.638561,-2.031631,1.045960,0.665902,-1.185355,0.153853,0.252143
0.817607,0.400882,-1.581525,-1.647564,-0.253231,1.015867,0.090717,0.296022,1.243788,-0.359255
0.137244,0.344280,-0.790559,-1.239727,2.064671,1.736253,0.367985,1.569429,-0.006096,1.246981
1.023306,0.198300,-0.738126,-0.604837,4.351203,-0.800679,1.113800,3.473710,0.180912,-0.579514
-1.062951,-0.956659,-0.967281,-2.400506,-0.870711,-2.332967,-0.342826,-1.556954,1.802630,-0.079295
-0.520873,0.973650,-0.512303,0.526581,-0.518586,2.098105,1.853508,1.439581,1.531733,-0.544608
0.676606,1.169772,0.931772,-2.608708,-0.771431,-2.693941,0.592355,1.060956,-1.164799,-0.148019
1.506865,0.639737,0.609475,0.867544,-2.032968,-0.917180,-1.456707,2.561076,0.326211,0.059125
0.562811,0.252827,0.002555,0.161252,2.536900,-0.159536,-0.052908,1.041762,-1.760738,-1.043609
-1.880790,1.191046,-1.546900,-0.166505,-0.772323,2.121236,0.823193,-1.129510,-0.454354,-0.517956
-0.314695,0.960743,-0.426757,1.956055,-0.852881,-0.726564,-1.148076,-0.019171,0.856047,2.449090
-0.450264,-0.520353,0.904086,1.681281,0.430887,1.195820,-0.963809,1.693688,1.283979,1.194809
0.392061,0.313212,-1.521956,1.246677,-5.059211,-1.195752,-0.071402,2.765080,-0.421452,2.354519
-2.462100,0.000848,1.028520,-2.114006,-0.805808,0.895780,0.042637,-0.237167,-1.056985,-1.003997
0.020345,-2.188670,0.238006,1.055089,0.962048,-0.280903,-0.353832,0.150032,-0.864662,1.107052
1.015046,-0.261046,-1.245806,1.853120,-0.946203,3.358912,0.621216,-1.418931,1.077390,0.964000
-0.716386,-0.123518,0.375778,0.467014,-1.426937,2.375762,0.068364,1.643655,0.751735,0.396070
-1.594245,-0.582925,0.225940,0.665510,-0.955548,0.945283,0.055221,-3.039027,-0.229456,0.401853
-0.556335,-0.443473,1.506361,-3.955420,-4.176160,-2.282666,-0.436212,-0.697519,1.661869,-0.765829
0.757332,-1.253330,0.139510,2.003304,0.071220,-0.998116,1.567973,-0.271153,-0.333137,0.476158
-0.712422,-1.409405,0.984324,1.910197,-1.076012,-0.247936,-0.764367,0.561094,1.141634,1.906792
0.233143,-2.511088,0.860990,-0.032075,-0.139945,-0.795133,0.707026,-2.327457,-1.652319,0.044064
0.771289,-2.219239,-0.320963,0.092220,-1.198724,3.737504,-0.283490,2.596300,0.030682,-0.488448
0.901286,-0.587345,0.338277,1.201045,-0.318289,-1.505264,-0.208607,-0.755531,2.423893,-0.101332
0.843031,0.854326,0.587481,-3.127232,-3.080378,3.880715,-2.552220,-1.016237,-0.833887,-0.174929
-0.584643,2.116840,-0.486831,-1.356760,0.973005,1.987625,0.716943,1.467197,-2.497541,0.467893
0.962031,-0.217451,1.610490,1.151986,0.389732,-0.821546,-0.669716,-0.250233,-0.484912,-0.383553
-1.366645,-0.725646,-0.417317,-0.684961,0.199714,2.570189,-2.701092,-2.214927,0.730858,-0.526167
-0.685829,-1.046555,1.347671,-0.988302,0.093617,-0.923898,-0.534359,0.114951,0.445217,-0.714639
1.169193,-0.152830,-0.902979,0.073832,-0.119458,-0.795866,-0.028757,-0.706184,1.617535,0.120674
-0.592397,0.653733,-1.802597,-0.044788,0.223101,1.254722,0.187666,0.019851,1.744315,0.009380
1.153940,-0.317039,0.992104,-2.353304,-1.776418,-0.192285,-1.798350,-0.578725,-0.948547,-2.022116
0.906990,-0.740097,-1.194533,0.711826,-1.605267,-0.484857,0.641019,-1.111050,0.035899,2.066108
0.074267,-0.702082,0.013313,-0.980455,0.110347,1.041070,1.408812,0.692321,0.492815,-2.328215
0.881464,-0.902445,0.393261,-0.955188,0.687680,0.065015,0.362588,-2.301844,-0.160384,0.442449
0.387783,-0.007029,-0.427697,-0.759331,1.622662,-1.459316,-0.595483,0.258961,-1.284796,-0.226841
-0.616853,2.128001,-0.827373,-0.629294,0.056956,-0.823000,1.266089,2.152463,-1.939899,1.110287
0.329803,0.393000,0.076816,1.589384,0.024307,1.183947,-0.785552,0.706652,-0.705385,-0.187990
-0.348540,1.260432,0.744208,0.032193,2.425822,-2.074594,-1.236732,0.863347,-0.428276,0.470376
1.602798,-0.002861,0.430087,1.491847,-1.721752,-1.204066,0.357398,0.992662,-1.766744,0.436822
1.493581,0.391215,-0.797576,0.168047,-2.112521,1.381561,1.135237,0.498527,-0.849410,1.335357
0.410575,1.333938,-0.549394,0.607983,-0.492894,-0.453387,-1.260459,0.104172,1.043111,-0.196838
0.185974,1.280048,-0.764025,1.124385,2.319900,-1.149750,-0.472142,-0.098937,-0.486726,-0.084136
2.248441,-0.226147,-1.901763,-1.744414,-0.487968,-0.203500,0.121864,1.100462,-2.649932,0.035525
-1.196398,-0.470604,-0.786887,0.288466,-0.520254,-1.654404,0.701348,1.571684,0.996693,0.431165
0.766975,0.541317,-0.525202,-1.183584,0.132302,0.839733,1.363588,-0.739115,1.095576,-0.462964
1.035182,0.131810,0.076210,-3.311789,-1.438890,3.631366,0.378969,-0.210296,1.822271,-1.258142
-1.047503,1.442136,-0.019013,1.073422,0.036836,-2.712581,0.081913,0.710646,0.973823,-0.414525
0.961153,-0.552519,-1.652234,0.478984,-2.687537,0.872365,1.232471,-1.329251,-1.026479,-1.757644
-0.004252,0.784370,-1.087887,-0.927371,-0.309843,1.063172,0.144383,1.299082,1.458225,-0.252106
1.403757,-1.804012,0.146337,0.544637,0.222435,-0.915122,0.913026,-0.979251,0.053621,-1.060102
0.275715,0.793136,0.558069,-1.234981,0.948507,0.968483,0.283850,0.886785,-0.320846,-1.493088
-1.015622,0.739227,1.407041,2.188113,3.160113,-0.161849,-0.536228,0.491798,0.326083,1.578861
0.587894,-0.221037,0.618064,0.321486,0.906880,-2.861075,2.536297,0.335262,1.625178,0.592089
0.310055,-0.309817,-0.536420,0.029663,-0.260590,2.353053,0.734689,-0.269163,-0.707919,1.087530
0.520530,-1.344664,1.106071,-1.681742,-2.123651,1.882271,-1.263463,-2.513689,-0.467035,-0.314747
-0.127235,1.261233,-0.188306,1.425137,1.526353,0.733056,-0.468659,4.359020,0.655713,-1.604353
0.548682,1.512932,1.889872,1.926506,-2.304188,-0.396018,1.254484,0.649878,-0.589293,-0.195458
0.051505,-0.661084,-0.026799,-1.084505,-1.268131,1.174200,0.534222,-0.148498,2.292654,0.737174
-0.299185,0.896519,1.576132,2.537735,-2.613561,0.973017,0.192965,-0.345024,-0.466728,-1.337182
0.100797,-0.726840,0.580021,0.728979,-0.232710,0.946209,2.667512,0.492150,-0.358281,-2.130796
-1.813509,0.181619,0.720474,-1.885842,-1.957287,1.740555,-0.052501,-2.716396,0.086312,1.135474
-0.324620,0.996583,1.423683,2.879773,-1.033004,1.031515,1.010107,0.461857,1.059290,-1.116079
-0.144002,0.886492,0.448696,-2.253451,-1.371529,2.026676,-2.515556,-0.584755,0.762444,-0.353451
-0.563524,-1.086045,0.964836,0.700121,0.917509,2.530619,1.521914,0.119914,-0.514993,-0.784379
0.299105,0.927149,-1.124881,-0.870565,-0.589137,0.788779,-0.470389,0.260184,2.556006,0.855315
0.058996,0.477420,-0.085599,-2.709795,-1.554755,2.848111,0.029994,-0.373238,0.290290,-0.482859
0.552918,1.091977,1.123336,1.142605,-0.231078,1.611528,0.978071,1.228936,0.353816,-1.218868
0.361291,0.363293,1.922160,2.927189,1.345730,0.944139,1.073339,0.542860,-0.761714,-0.111496
-0.594876,-1.254411,-0.110910,-0.466926,-1.195893,3.719843,1.035146,2.194986,-0.279011,-0.090432
-0.305340,-0.405122,-0.448311,-0.177853,0.666127,0.772162,-0.919321,0.254718,1.408077,-1.990703
1.245197,0.249554,0.175480,-2.571059,-2.282327,2.805230,-2.415591,-2.109263,-0.090793,1.079954
-0.133847,0.612091,-0.519972,2.238292,0.105559,1.643048,1.071792,-0.957913,0.135782,0.917977
1.038847,1.228607,-0.492922,-1.655912,1.194969,-1.031232,0.269920,-0.609979,-0.862072,-1.182611
-1.122702,0.964335,-0.811086,-0.150919,2.631350,-1.184382,-1.485223,2.908131,0.545357,-0.278981
-0.841339,-0.031598,0.572102,1.666637,-0.838962,-0.717173,0.732348,0.635105,2.967242,-2.514747
-0.257426,-0.380339,-1.721896,-2.247422,0.000563,1.474551,-0.228795,-2.473688,-0.375007,-1.755823
0.238275,-0.454103,0.644960,-0.976822,-0.832041,0.309730,0.907360,-2.351687,-1.174090,1.493147
0.746027,0.887280,-0.492925,-1.291286,-0.115359,1.065385,-1.401447,0.085308,-0.005594,-0.017669
1.109195,-0.578625,-0.008658,1.186046,0.775636,-0.232804,-0.805269,1.633685,1.918986,-2.425867
-0.533817,0.647355,-0.626899,0.145505,-0.318547,-1.395640,0.286110,0.777648,2.429544,-2.667281
-0.071929,-1.677319,-0.774116,1.048170,-0.300712,1.684699,0.305767,-1.619683,2.017779,0.494311
0.745096,-0.185182,-0.398179,-0.357345,2.156663,1.230822,0.802045,1.963832,1.380999,1.583836
0.669790,0.115079,-0.500528,-0.664096,0.297185,-1.210584,0.652386,0.932243,-0.122129,1.317030
-1.341931,1.169337,1.423189,-0.673489,3.744469,-0.830755,-0.492594,2.858474,0.099841,-0.975810
-0.790012,0.371657,-0.694212,-0.455800,1.852657,0.836481,1.494320,1.390443,-0.268100,-2.718035
-0.037598,-1.491563,-0.950753,-0.524550,0.478027,-1.686179,-0.755486,0.985212,-1.525707,0.098407
-0.118818,0.064457,0.141455,1.062722,-2.431468,1.330783,-1.817071,0.018371,1.034906,2.064425
0.424660,0.304521,2.736497,-0.798580,-0.146332,0.573538,-0.474286,-0.053456,0.688559,-0.826690
-0.177639,1.093237,-0.468879,-0.280690,-0.917058,0.436722,-0.577315,-1.197279,-1.798463,0.701368
1.039753,-0.060513,-0.264154,0.745223,0.026151,-0.480232,0.898159,-0.335530,-1.775295,-0.206310
1.593792,0.807478,1.094871,0.412722,0.577279,-2.294236,-1.667539,0.389395,2.486361,1.987454
-0.235759,0.267204,-0.072383,0.245558,-0.541393,2.261617,-1.502199,-1.303560,-0.434996,-0.996277
-1.259704,-1.373829,0.222348,-3.371180,1.520324,0.851758,1.546772,0.942860,0.527827,0.969830
0.600805,0.107249,0.116067,-1.539796,0.527170,1.652021,1.309725,0.668923,-0.217426,-1.100222
-1.203766,0.237648,-0.291917,1.803925,-0.991684,0.824830,0.837344,-1.770544,0.487676,-0.924833
-0.642842,-1.262781,1.375153,-1.679648,-2.595264,-1.393318,1.787880,-1.611644,0.385480,2.253349
0.701943,-0.885372,-2.148951,2.077439,0.098095,0.399446,-0.317865,-1.257363,-0.145070,0.066180
-0.511494,0.093733,0.633910,0.276293,1.988965,0.322413,0.136612,2.090075,-0.035204,0.455784
0.855869,1.318818,-1.100403,0.205867,-0.656038,1.659204,-0.960748,-2.141371,1.147976,-0.576362
-0.642693,-0.333812,0.573567,0.316101,-1.461973,-0.467501,1.191646,0.179691,1.031071,0.047328
2.075338,1.142584,-1.164904,0.760835,-0.373019,2.268391,0.231681,0.591177,1.391148,0.126923
-0.463615,-0.075679,0.275382,0.323006,0.326556,-0.818673,-0.237080,0.932061,0.669401,1.650681
0.549995,1.587480,-0.128883,1.853948,0.321216,2.042630,0.354738,2.167537,-0.879589,0.161979
1.373626,-0.555775,-1.595808,-1.923637,-1.483249,2.589594,-0.412779,-0.384442,-0.340293,-0.789311
0.724586,1.347312,-0.532244,-1.703519,0.545141,0.003736,-3.340024,2.111040,1.264320,-2.099679
0.683492,0.167465,0.273629,-1.518870,1.993011,1.688077,1.197883,1.187103,-0.637327,2.016071
-0.520697,-0.404041,-0.599969,1.675569,-3.430011,-0.840649,-0.584170,2.711392,0.749199,1.845207
0.023860,-0.438597,-0.461283,2.104644,2.682946,0.048349,1.476665,-0.345615,1.044380,0.926550
-1.212161,-0.186820,0.467656,3.236455,0.762147,1.237000,-0.893271,0.065597,0.692109,-2.410171
-0.911531,-1.731085,0.265587,0.201844,2.081693,-1.580478,0.495610,2.393102,0.085929,-0.449006
-0.648143,-0.912238,0.494978,2.143528,-1.829192,1.455713,0.255342,-0.140281,0.105174,-0.245169
-0.220462,-0.852230,-0.622778,1.210633,-0.922399,-0.125738,-0.385733,0.276599,-0.211617,0.654591
-0.956991,-0.379870,0.836216,0.391195,1.093315,0.187737,0.823720,1.457640,0.281704,2.437610
0.569358,0.377170,-0.472608,-1.546661,-0.762653,-1.709245,1.073545,-0.446091,-0.157381,0.975380
0.835707,-0.878153,-1.773609,1.539933,-0.811599,0.807326,-0.644771,1.086595,-0.976247,0.273140
1.795483,-1.070139,-0.873529,-2.940145,1.466167,-2.971250,-0.809002,-1.438092,0.606018,-1.872317
0.080352,0.039799,-1.188617,1.631490,-1.932464,0.743035,-0.448587,1.437397,1.523462,0.670040
-0.332582,0.725702,0.433704,2.195470,-4.543217,0.520809,0.459023,-0.818394,-1.377746,0.309251
1.582056,-1.170490,0.577959,0.849342,-1.280006,-2.266311,-0.537431,1.086696,0.119882,0.032159
1.739903,-0.604754,0.480125,0.318102,0.808357,-1.252988,-1.084646,-1.102708,-0.010509,0.510517
0.604527,0.451678,1.412587,-1.943020,-1.272999,2.078149,0.667636,-0.910463,-0.373057,-0.209706
0.843216,-1.175581,-0.475328,-2.532587,-1.851742,2.266668,0.404314,-2.541618,-1.365038,-1.016183
-0.295117,1.277275,-1.741177,-0.507654,0.874527,-1.441946,-1.348763,-0.320620,-0.281837,0.009009
1.426180,1.262308,-0.106913,-0.322890,0.303092,0.242058,2.214783,0.590177,-0.508283,0.774490
-0.173710,1.192046,1.074527,-1.907541,-2.663541,-0.549824,-1.342148,-2.557759,-0.293643,-0.398784
0.234320,1.123920,1.593103,1.745246,-1.563064,0.588782,0.765748,1.322498,0.603875,-0.965885
1.399866,0.294806,0.354287,-1.576476,1.942552,-0.850731,-0.876806,0.353987,-0.649336,-0.148795
1.727975,0.581684,1.493345,-0.642301,1.157256,0.185989,0.316779,-0.036557,0.960246,0.008432
-3.692290,1.407266,-1.171669,-0.203657,4.103333,-0.517996,0.664418,2.345640,-0.728836,-0.896648
2.139435,-0.317933,0.476180,1.834046,-1.180202,0.770654,2.008053,-1.174026,-1.410436,0.530833
-0.329382,-0.561365,1.011480,2.013300,-1.160644,-1.596474,0.289210,-0.099097,-0.183470,-0.429607
0.565773,-0.767900,-1.370672,0.554836,-1.225607,0.681962,-0.928963,-2.514895,1.424978,0.773129
-0.517756,1.288632,-0.216715,1.569039,-1.842300,1.421711,-1.171446,1.810901,0.640115,-1.179465
-0.177059,-0.541664,-1.213531,0.697234,-2.485149,0.462220,-0.964972,-0.809851,-0.252319,0.808003
-0.564043,-0.343250,0.442296,1.293699,-1.872479,0.992095,-0.217177,1.270795,-0.555530,-0.663491
0.549848,-0.282861,0.490058,0.608267,0.061125,-1.165790,-1.434408,-0.825091,-0.690266,0.109730
-2.329208,0.365746,0.494501,-1.309931,-1.235432,1.392729,0.416678,-1.282306,0.211097,0.179416
-0.708672,-0.969616,-1.428409,0.915370,0.863564,1.695817,-0.648230,0.691648,1.085126,0.575372
1.075990,-0.846305,1.966190,-1.699695,-1.131202,0.655448,-0.077357,-4.023879,1.537207,1.319529
1.098535,1.834503,-1.244794,-1.172920,-2.086456,1.313063,1.137281,-2.123591,-2.461673,-0.061647
0.253500,-0.560970,0.029708,0.673526,-0.898518,-1.906893,1.328410,1.894369,-0.621869,0.790273
1.546045,0.544850,-1.820248,-3.264793,-1.539341,0.707962,-1.009260,-0.114272,-0.742313,-0.341087
0.225797,-0.180120,0.650111,-2.303837,1.088966,-2.787835,-0.987684,0.029098,-1.089767,-0.100323
0.352002,-1.262660,-1.106292,0.303210,-3.624133,-1.635786,-1.238953,0.968057,0.834205,-0.415342
2.477476,-0.422542,-1.364959,-1.944916,-1.266054,1.861107,0.511331,-1.765569,-0.447020,0.672106
0.556889,-0.473327,0.686540,-3.375961,2.493889,0.648748,-0.625949,0.515327,0.123296,-1.283308
-0.596358,-1.322897,1.061251,-0.824945,-1.380202,1.659075,1.185296,0.379911,-0.658735,-1.334402
-1.658463,-0.090131,-0.630170,0.866971,-0.340225,-1.287342,0.350659,-0.791272,-0.129028,-0.379176
1.633375,0.627264,0.490996,-4.608527,1.407452,2.942549,0.609685,-0.917028,-1.537122,-0.391562
0.622530,-1.005905,0.521563,1.320536,-5.469283,-1.284619,-0.621698,4.212830,0.910971,0.118781
-0.504801,0.526131,-0.538165,1.848021,-0.771093,-2.379915,0.727920,3.205170,-0.514423,1.099256
-1.916887,-1.730175,-0.350579,2.421598,-2.138803,1.462664,0.271495,-1.061306,1.499858,-1.297772
-0.851223,2.148683,-0.240726,0.425347,-0.575156,2.368461,-0.760308,2.144340,0.980681,0.199490
-0.414443,-0.845689,-0.439373,-1.886666,3.436476,-0.246468,0.590446,1.820836,-1.290102,-1.000346
0.787538,0.623908,0.404297,-0.565986,1.042838,0.881836,-0.979037,-1.130223,-0.562295,1.726742
-0.608418,0.832736,1.225766,-0.366028,0.292028,0.092110,1.446897,0.477735,-0.384498,0.797459
0.191904,-0.832056,1.231182,2.484101,-2.835870,-1.114296,0.222991,0.626018,-0.302604,-0.232092
1.186730,-0.421144,0.329208,-1.160146,2.499274,-0.828886,-0.734512,1.350789,0.896097,-0.617070
0.959457,1.582369,0.368250,1.058544,-0.720341,-1.280475,-0.487532,1.672455,1.617890,-0.213804
-1.294814,-0.568762,0.538542,-0.408630,-1.462489,3.510061,0.261658,2.371397,-2.533286,0.542567
0.694996,-1.002783,-0.103937,-2.553696,2.424580,0.272355,-1.291719,1.376542,1.324420,-0.610909
1.376651,-0.906430,0.336599,-2.895348,-2.929335,2.941075,-0.401634,-2.997668,2.268818,0.947270
-1.886744,0.306291,0.119095,2.150024,0.467919,2.133729,0.315079,-2.489232,0.101126,-0.599425
-1.293990,0.020777,-0.743625,1.180565,-0.103120,2.588454,-0.004866,2.468846,1.447062,0.705189
-1.247380,1.846160,-1.740925,1.762263,-0.840254,0.048343,-0.058852,0.646356,0.221094,-0.585928
0.635998,-1.623491,-0.781408,1.280251,0.193369,-1.177588,1.620463,-1.786150,-0.846635,1.164726
0.144397,-1.669104,-1.885420,2.525665,-1.083466,-1.053727,-0.842368,0.133453,0.548211,-1.718691
-0.275934,0.688272,0.468238,1.380537,-0.295895,0.920926,-0.592601,0.123967,1.228530,1.405053
1.594755,-2.114114,-0.211971,-1.718482,0.271050,-0.467021,-0.221707,0.607522,-0.370145,1.487596
0.671823,-0.254414,-1.685147,-0.103442,-1.144330,0.983874,-0.222052,-1.951726,-0.910065,0.034245
0.156270,0.743866,-0.216509,0.974308,2.759479,0.564781,-0.239059,1.877958,1.637276,0.854749
1.651941,-0.306746,0.525718,0.010855,-0.658564,-1.521265,-2.202911,0.374103,-1.494312,-0.584446
-0.532338,0.003521,2.260682,3.392570,-0.747012,2.498214,1.073778,-0.688572,0.423824,-0.480277
-1.217724,-1.041868,2.164872,1.633776,-1.718788,0.018410,-0.756141,0.946754,0.968260,1.065511
-0.394952,-0.647160,-0.097529,-0.818236,0.758532,1.196957,-1.200700,-2.643759,-0.046872,-0.162861
0.938694,-2.339854,-0.504533,0.612301,0.126357,2.068662,-0.339426,-0.532446,0.720175,0.455952
0.565902,-1.129040,-0.123170,1.519283,0.265402,2.349440,-0.864062,2.809031,-0.811259,1.975272
0.279493,-1.068943,1.055922,1.744854,-2.361850,0.886440,0.676037,1.696223,-1.087597,-1.247523
1.231587,1.491632,-1.868323,-0.947656,0.421633,1.486806,0.398010,0.187072,1.251639,0.234994
0.724313,1.250554,-0.490884,-3.505463,-0.900085,-2.671635,0.591633,0.323949,-0.594440,-0.838516
-2.153524,0.556820,-0.218517,1.867107,-3.200350,-1.314417,-0.411427,3.088739,0.852121,-1.533185
-1.009545,0.663786,-0.454756,-2.119958,0.943359,-0.095349,-0.027948,0.757994,0.550209,-0.414945
0.028021,1.447182,-0.460145,0.005324,-0.545647,-0.478923,-0.884880,-1.008441,0.069392,-0.804187
-0.187692,-0.406603,-0.414740,1.056771,-0.245980,-1.040043,1.856325,0.694607,-2.105515,0.727998
0.424391,-0.709622,-0.776096,2.127149,2.284384,0.807132,-0.260644,1.788406,-2.006193,-1.101047
-0.274603,1.620962,0.864472,1.188025,2.571208,-1.740889,1.012232,4.249619,1.758043,-0.089667
-1.204629,0.888392,0.459411,-0.798652,-0.839634,1.229397,0.265997,0.760328,0.563434,1.759142
0.112321,-1.511481,-0.489643,2.803430,-2.889844,4.453458,1.000059,0.088835,0.224521,-1.744482
-1.243386,-1.671557,-1.811763,0.150996,-2.284108,3.498424,-0.761138,2.827079,-0.707516,0.793142
-0.389048,0.424381,-0.735876,-0.881449,-1.606705,0.857634,-0.713008,-1.704229,0.100993,-0.879351
-1.453005,-0.079857,0.000043,-0.268563,-0.730047,-0.842819,-1.387077,-2.048418,-0.837753,-0.090769
-1.294169,-0.844164,0.860434,-1.431292,0.115190,1.648309,0.913713,-1.199561,-0.520685,-1.290349
1.885407,1.238729,2.033726,3.773523,-0.279655,1.763265,0.556489,-3.165741,0.514022,0.953781
0.242803,1.748937,0.394099,-1.677269,-3.169797,-0.944608,-0.346321,-3.058748,1.684937,0.062467
-0.070686,0.668014,1.802816,2.410934,-1.447503,-1.391198,-0.445216,0.105498,1.868159,-0.232502
0.899888,2.118338,-0.138142,-0.072900,0.268566,0.920801,1.287387,-3.268157,1.472649,0.242166
0.649715,-0.631416,-0.715337,-2.099768,0.273856,1.748736,-0.837268,0.236004,0.133827,-2.026230
2.361958,-0.745723,-1.787998,-0.086045,-3.917230,-1.621704,0.748011,0.148666,0.185064,-0.992129
1.687703,-0.074225,0.698702,1.265728,-2.079560,-0.165884,-0.960575,-0.130119,0.055974,-1.377325
-0.073422,-0.574944,-0.907922,-3.248311,-2.016972,3.787974,-0.812991,-0.001977,2.606239,-0.401577
-0.844435,0.308310,-1.220136,-1.568090,-0.929766,2.053600,0.710514,0.365929,-1.487544,-0.157952
-0.274136,-0.446035,1.859802,-4.084793,1.257321,0.419718,-0.430787,-0.756499,-0.996351,-1.005403
2.814154,-0.047820,1.006460,-0.563749,-0.989534,2.222342,0.690691,-2.084607,-0.107509,0.629836
0.683441,-0.863746,0.073817,1.181956,-0.866332,-0.447490,-1.411409,-0.047692,-0.048808,-0.221623
0.849467,-0.295322,0.342062,0.381765,-1.209102,1.825542,-0.244159,-2.391710,0.078434,1.175733
-0.160280,2.480347,0.953400,1.321365,0.028882,-0.676457,-1.184317,0.751549,0.363399,-0.873998
1.123736,0.530950,0.527101,-1.786083,0.602820,-1.097496,0.989531,-3.022069,0.879174,1.022914
-0.795959,-0.204932,0.608656,-2.256095,-1.615151,-1.354487,1.073877,0.006349,2.985798,0.151635
-0.701437,-1.775402,2.303487,2.533666,-1.974228,2.344361,1.075881,0.270071,0.934748,0.787917
0.497380,-0.862784,-0.542405,0.988841,0.821030,0.956487,1.568790,-2.226099,-0.262263,-0.623179
0.030132,1.939605,0.048868,-0.499997,2.109884,-1.635980,-1.391655,0.506000,0.184856,1.256705
-0.636526,-1.050551,1.362924,0.566188,0.308643,-0.122292,-1.003824,-1.466656,-0.464187,-0.271547
0.419788,0.371002,-0.094446,-1.524758,-0.292074,-0.792227,-1.149919,0.167102,-1.605501,0.608512
-0.998134,-2.139538,-1.104055,-1.203314,-3.096385,-1.831604,0.204927,-0.479820,-1.622290,-0.503862
1.634833,2.010405,0.146685,0.966491,-0.744579,1.409712,0.882098,1.152286,-0.079086,-1.220329
0.462449,0.394871,0.004447,-2.712629,-1.767041,-2.531459,-0.720949,-1.211594,-0.413252,1.357006
-0.728705,0.865583,-0.286296,2.080005,-0.245306,1.948792,0.255044,-3.039793,0.107152,-1.502912
1.592745,-0.472252,0.195042,-1.607844,-1.650332,1.282571,-0.965564,-2.886018,-0.632244,0.688513
0.752798,-0.155681,-0.911904,-0.039429,-1.174155,1.004932,0.892514,-0.840272,-0.935297,1.630782
1.191213,-1.301398,-0.708813,0.215266,-0.710584,1.295224,0.076378,-0.500533,-0.436873,-0.697673
0.643182,-0.097738,0.907692,-0.265571,-0.522636,0.228329,-0.015346,-0.421145,-0.509682,-0.469522
-0.559441,-0.564709,0.413198,-0.874292,-1.284302,-0.691927,1.504289,-1.022785,0.044506,0.099962
-1.194313,0.492690,0.549863,-1.990407,-0.553517,-0.490960,1.220375,-0.203811,0.878091,0.601556
0.789809,1.354677,1.243816,-0.072596,-0.108670,1.277315,-0.652719,0.416228,0.372557,-1.130249
1.933040,0.534915,1.697444,0.127795,1.252633,-0.579607,0.602083,0.170629,-0.186884,-0.186118
0.706429,0.566129,-2.284094,-0.539555,0.062852,0.221240,-0.599669,-0.114141,0.496427,0.833162
0.609229,0.941096,-0.304028,-3.583738,2.543849,3.675021,-0.659332,0.541317,0.558165,1.750268
0.539710,-0.243635,-0.993554,-3.059040,3.636883,0.420915,-2.351353,0.862497,-1.088067,-0.124387
1.389855,1.784009,0.210698,-1.666400,0.972000,-0.391306,-0.363745,1.091301,2.295762,0.158445
-1.347328,0.587383,0.714311,-1.345080,1.204154,4.610748,1.595087,2.071454,2.074591,1.099639
0.407638,0.615791,-0.491457,-0.082390,2.117139,0.343352,0.425917,1.262312,-0.468049,0.717962
0.041290,1.128195,-0.558220,1.442981,-0.429041,0.744109,2.144069,0.339481,0.416716,1.460117
1.409685,-1.199032,-1.491424,-0.605356,0.447178,2.310075,-0.453457,0.565440,-0.284973,-1.224833
1.290925,1.667696,0.145830,-2.121328,-0.967459,0.203802,2.142811,1.330582,0.203329,-2.422692
1.019617,-0.874733,-0.481146,0.776300,-0.060966,0.654728,-0.444457,-1.135942,1.063352,-0.129732
1.284059,-2.217603,0.369282,-1.353631,-1.399100,1.755870,0.736140,-0.425526,-0.651916,0.830262
0.462259,-0.432405,-0.633786,0.886253,3.256500,-0.764005,0.295871,0.572286,0.142437,1.416120
-0.080055,1.600469,0.238783,0.050823,0.845210,1.453160,-1.567302,1.557746,0.804785,0.741803
-0.172170,-0.942436,0.721662,1.082690,-0.068626,-1.184479,-1.017976,0.234888,2.675537,-0.592496
0.276810,0.609870,-0.358838,-1.807846,-0.481602,-1.148556,-0.358741,-1.906108,1.329321,-0.061073
1.124000,0.932860,-0.361075,-0.327599,-0.094486,0.374341,-0.320057,-0.173416,2.221229,-1.289635
0.655311,-0.440357,-0.364398,-1.571729,-2.346427,2.328877,-1.235559,0.291237,-1.070316,0.743891
2.082047,0.610771,0.799100,1.074655,-1.833501,1.641730,0.186832,1.638627,-0.175510,0.310451
-0.672581,-0.258481,0.724365,-1.887989,-2.339184,3.077388,-0.213864,0.064547,-1.000492,-0.289027
0.591281,-0.144284,1.604922,1.760996,-2.259135,0.282105,0.864808,1.358883,-1.287813,1.063474
-1.034178,0.053009,-0.495100,-2.042729,-0.721626,1.090168,0.568524,-0.437260,0.294790,-1.848930
1.042616,1.574041,-0.756155,-1.727905,-0.535536,1.268599,0.534126,-2.067376,-1.401446,0.801597
-0.073410,0.945358,-0.316897,3.221852,-1.703830,-0.021567,1.594084,-1.577328,0.369312,-0.626462
-1.279660,0.092864,0.245095,0.152183,-1.327224,-1.349270,-1.678937,0.552017,0.230358,0.147262
0.197238,-0.001184,1.667839,2.126248,-2.415733,2.050921,0.065096,-0.730926,0.990748,-2.149811
-0.188953,-0.167666,0.301699,-1.569189,-0.170795,-0.348837,-0.683931,1.220359,-1.523228,0.544095
-1.728902,-0.378698,0.851581,2.542728,0.741983,0.642526,-0.423020,-2.075503,-0.162844,-0.036824
-0.325080,0.270316,1.026653,-1.655075,-1.994863,2.505255,-1.003488,1.039890,1.303221,-0.320723
-0.499516,0.798270,-0.688408,2.098059,-1.240371,2.749919,-0.952063,0.990722,-0.576663,0.207964
-0.639321,-0.277616,0.417810,0.915942,-0.617428,-0.794920,0.375036,1.346033,-0.499085,0.348380
0.082935,0.708554,0.056020,-1.480162,-2.389964,-1.426266,0.495178,-0.685124,2.566648,-0.332458
-0.622278,1.281250,-0.064944,1.016309,-0.265180,0.308915,1.828620,0.152546,0.433694,-0.390831
-0.801754,-0.582770,-0.177116,-0.751320,0.722218,-1.114982,-1.564162,-0.461266,0.059919,-0.532882
1.714657,-0.139855,1.725206,-1.954797,0.326226,0.306163,-0.843186,-0.300887,0.593056,-1.138172
1.284108,0.217371,0.159344,1.586066,-2.001856,-0.893313,0.577049,2.439774,-0.643913,-0.596444
-1.751967,0.260946,1.398915,-2.861410,-1.184512,-0.252814,-1.402971,-1.970890,1.363496,0.729610
0.573655,-1.490826,-1.339520,0.285922,-0.076709,1.810460,0.440198,0.803207,-0.851890,0.043227
-0.684264,-0.743785,-0.158705,0.675884,-0.947971,-1.279124,-0.768046,1.338199,-1.981174,1.468153
-0.096427,1.714570,-1.143354,1.366044,-0.506871,-0.427353,0.494403,1.250865,-1.649254,-1.604635
1.885947,0.414854,-0.279841,1.208021,-0.142162,-0.258842,-1.019738,0.150378,-1.956933,0.625230
0.667359,0.628668,0.562160,-1.044498,-0.495089,-1.471725,-2.011318,-1.770528,-0.382167,-1.101246
-0.943924,1.270168,0.605147,-3.275789,-0.299830,-0.389208,0.038787,-3.126291,-0.793325,-0.380643
1.565159,-0.839335,1.355675,-0.851381,-2.634792,-0.348392,1.632095,-1.710847,-0.831413,-0.626910
-0.695858,1.673990,-0.798095,-0.864381,0.132280,1.015139,-0.977363,2.031107,0.035199,-1.449971
-0.720669,-1.246887,-0.445607,0.576288,-1.008945,0.953142,0.154406,0.761985,-0.261556,0.986752
0.796309,0.179731,0.307646,-0.326189,1.561157,1.143433,-0.285040,0.198420,0.749939,0.428179
0.542911,1.290310,2.173020,-0.393457,-0.157617,2.375797,-0.992695,1.717303,0.266561,2.376521
0.190901,0.407982,0.640739,-2.839762,-0.264848,-1.998888,-2.101986,-0.229238,-0.252911,-0.379928
-0.301312,-1.059376,-1.212686,0.862493,-0.560862,1.164331,1.653494,0.236163,-0.790452,-1.315464
0.765555,-0.171349,-0.296690,0.965988,-2.477550,-0.949042,-0.499101,1.756361,-0.921495,1.161002
-0.100805,-0.575422,-0.374373,-0.919911,-1.307631,1.380766,-1.361410,-0.075039,-0.748237,-0.106349
1.540968,0.673339,-0.319669,-1.063619,2.782244,2.589431,-1.437955,2.212376,0.253649,0.840739
1.490354,-1.492537,3.115626,-2.224112,-1.323473,-1.390454,-1.180716,-1.858237,-0.842007,0.484586
-1.580950,-0.115005,1.382578,-1.323785,-0.262541,-0.227464,0.547998,-1.856411,0.081061,-0.690338
1.653527,1.109422,-0.204260,-3.813716,-3.506322,-2.266181,-0.683607,-2.172177,-0.632278,1.487336
-1.500816,-1.386718,0.676860,1.835270,-1.636117,0.523894,-2.654249,1.191699,-0.568498,-0.093965
1.255271,-0.302708,1.142979,-0.142619,-0.849302,-0.904942,0.402100,1.341927,-0.112679,0.208201
0.373777,-0.922182,2.687815,0.584649,0.885332,-2.130003,-0.357072,1.424073,-2.232031,0.072674
0.281257,-0.841930,-0.056549,0.400308,1.249069,0.120988,-2.163817,-1.626212,-0.159647,0.204329
0.318520,1.005095,-0.226761,1.426164,-0.138278,-0.976623,-0.678385,-0.064941,-2.368813,-0.480910
0.789126,0.279113,1.458056,-2.273219,0.270523,1.655926,0.394011,-0.578737,-0.192718,-0.151293
-2.457038,-0.753506,1.954927,1.839249,-3.368277,0.423541,1.906324,-0.233211,0.782717,-1.232258
0.198488,-0.297177,0.564206,-0.539904,1.541831,1.435420,0.352300,1.645914,0.134224,-0.042791
0.103559,0.635252,-1.729020,-1.562927,-0.602161,-0.937567,1.415844,-0.515322,0.674010,1.246106
1.034188,-1.153985,-0.657991,2.114109,-1.416067,-0.971911,-0.569204,0.286829,0.513563,-0.613662
-0.090825,-0.520187,0.175044,1.963872,-1.565287,-0.655361,1.290036,0.839076,0.215943,0.131556
0.453782,-1.054473,-0.276742,-1.005961,1.778865,0.559362,1.344542,-0.860082,2.026959,-1.518848
-0.258570,-1.183262,0.400300,1.098905,-1.238187,1.117347,-0.243499,1.230166,2.045885,0.115030
-0.518423,0.678213,-0.313965,0.269574,2.179753,0.714791,1.359067,2.737383,0.001952,0.197173
-0.141407,0.156973,-0.113366,2.819090,2.109121,-2.884705,1.268517,4.824483,0.275185,0.150514
0.332602,1.123969,-0.689416,-0.161063,-1.696142,1.032877,0.501953,0.681294,-0.996771,2.224838
0.860752,-1.305129,1.867570,0.008577,2.381591,-1.890859,0.009294,1.283002,-1.090796,-0.747706
-0.383236,-0.464385,-1.278637,0.042864,4.237080,-1.372819,-0.687427,3.279746,-0.512508,-0.374698
0.429251,0.429196,0.320036,-1.550971,0.144261,-0.604751,0.123829,0.629837,-0.117148,-1.109735
0.572978,0.253304,0.132379,-1.077352,-1.507213,-1.116520,0.443373,-0.859744,2.395367,-0.042239
-0.849727,-0.640559,-0.504037,2.293461,2.418493,0.869455,1.546097,-0.162920,-1.076253,0.669632
1.312427,0.393398,-1.838077,0.130574,-0.417575,1.478248,0.493656,-1.516155,-1.050834,-0.933879
0.672582,-1.129998,0.516572,-0.222677,-0.737916,-0.097495,-0.008569,-2.137280,-1.251379,1.064103
-0.466312,-0.987103,1.177486,-1.860389,1.731665,3.250408,-0.846854,1.362071,1.045118,0.426644
-1.403024,0.366817,-0.787911,0.758691,-0.443616,-0.763070,-1.135983,0.747023,0.454805,-0.003414
0.015280,-0.452822,-0.773176,-2.214301,1.337472,-0.001701,-0.583543,0.084332,-0.725586,1.069376
-1.108386,-0.129891,0.280676,1.163364,0.368418,0.955230,0.471651,-0.486688,-2.414025,-1.344264
0.405798,-0.423187,-0.045188,-0.883162,0.840369,0.908393,-0.074728,0.126818,-1.900125,-0.026267
0.567541,0.363435,-0.074904,1.595996,-1.380494,-0.900446,-1.341470,1.193516,1.011356,-1.125841
1.275735,0.119470,-0.229430,0.975146,-0.462430,1.491724,-1.453993,-0.444239,-0.090802,1.062789
1.937949,-0.037156,0.190395,-0.130417,0.593571,1.732261,0.919437,0.729378,1.779728,0.024730
-0.094345,-0.587239,-1.909774,1.187416,0.751388,0.281393,-0.488442,-0.393464,0.098289,0.561204
0.636425,-0.895128,0.336481,-0.301614,-0.459570,3.573796,-0.620467,1.868506,1.022569,0.869990
-0.762427,0.492093,1.302159,5.989044,0.661174,0.990477,0.038157,0.691841,0.038406,-0.326755
1.285321,-0.166721,0.124142,-1.941490,0.585136,-0.757505,-0.360485,-0.472880,0.577961,0.076590
-0.326253,0.912133,-0.831967,1.700274,-0.232541,-0.448346,-1.458810,0.210003,-0.077240,-0.035145
-0.740688,0.738190,-0.710108,-0.687295,2.716136,-0.692594,0.654371,3.067667,-0.299481,-0.756424
0.750205,0.980547,-0.685225,0.681461,0.731990,-0.807343,-0.766596,0.691682,-1.187368,0.649936
-0.019426,-0.777239,-0.622225,1.016277,-1.898898,-0.878607,-0.943553,2.645266,0.789066,3.211309
0.766924,-1.768570,0.508849,2.017518,0.034797,2.050719,-0.940845,-0.359042,0.187331,-0.066897
-1.267238,1.149113,-0.791322,0.469485,0.579770,-0.931749,-0.829707,-1.128659,-0.778782,2.263243
-1.530224,-1.501779,0.406744,-3.386973,1.036367,3.729009,0.475827,0.625190,0.753285,0.896691
-1.966462,1.623513,0.535341,1.151231,-1.488278,3.168371,1.276932,-0.255327,-0.786424,0.397534
1.353552,0.312899,-0.984036,-1.986430,-3.834299,3.714279,0.529668,-0.468972,0.886188,1.025403
-0.143675,-0.516098,1.474945,1.190516,-0.633425,0.464281,0.662676,0.517933,-0.065623,0.120949
-0.035484,-1.009650,0.868546,-0.638354,-0.564495,4.595197,0.345860,2.493285,-0.873048,-0.889926
-0.199429,-0.553047,-0.579415,1.495182,-1.725781,2.895283,1.859547,-0.427136,-1.128629,0.824816
0.499617,0.126430,-0.135228,0.731167,3.662571,-0.745369,1.423606,2.174717,-0.901696,-0.616119
-1.768126,0.987754,0.640253,1.177005,0.529968,-1.178646,2.170915,0.044596,0.199528,0.795228
1.091492,1.848558,-0.347685,-0.353577,0.307784,3.109680,0.013624,1.265422,0.219388,-0.907984
1.664812,-0.401933,1.123355,-0.530529,1.228126,1.987382,-1.724609,1.794989,-1.137234,1.078055
-0.268098,1.939680,0.239195,-1.632074,-0.171433,-1.615999,0.025331,-0.696189,-0.323876,0.267829
0.304606,-0.483061,0.053208,-1.566359,0.769706,0.552775,-0.303227,0.422867,2.751825,0.462859
-0.377649,0.491665,-1.095660,1.759067,0.297141,-1.008621,0.287046,-0.723322,-0.424589,1.679165
-0.496593,-0.440911,0.491665,-3.276370,0.623311,0.618122,0.483010,-0.683216,0.349312,0.467261
0.683911,-0.497024,-1.065435,0.141319,-0.862183,-0.134250,-0.138270,-2.046587,-0.177462,-1.619089
0.320101,0.161066,0.061026,0.183753,-2.682507,-0.573217,3.676893,-0.973673,0.190807,2.828617
0.798600,-1.018721,-0.726821,1.607561,0.205660,1.916469,0.983228,2.447569,-1.153601,-0.099364
0.442135,0.179531,-1.361544,1.468256,1.675785,0.942945,-0.858394,1.137229,-0.441061,-0.458250
0.982480,0.768333,-0.780082,-3.685069,0.892249,0.185110,1.089477,-1.327623,0.813936,-0.740407
-0.976466,0.337996,-1.164648,1.330682,1.578428,-1.564781,-0.278468,1.985701,1.462663,0.239758
-0.473532,-0.780731,-1.565875,-2.727874,-2.990713,2.983116,0.445280,-3.578430,-0.634104,0.403175
0.723138,0.152389,-0.111574,-2.357237,2.679469,-0.619109,2.032108,0.377731,-0.761074,0.712549
-1.478819,-1.506697,2.217006,1.405032,3.252513,-0.688636,-0.491305,2.588063,0.532624,-0.806520
-0.802512,0.605629,-0.464118,-0.928961,0.141628,-1.684119,1.205963,0.282264,0.501832,0.422355
0.419553,0.952827,1.957585,1.058813,-0.930243,2.776678,1.146507,1.759456,1.218396,-1.334913
1.724944,0.000134,-1.986390,0.382434,-2.129332,2.826532,2.302687,2.326018,-0.600670,1.380674
0.124166,0.441464,-0.905459,-0.117669,-0.581636,0.594916,0.188733,0.679224,-0.809435,0.647998
0.379137,1.359162,-1.074897,1.876258,-1.303303,-1.742992,-0.854500,-0.311160,0.658421,-0.712797
0.330073,-0.641559,0.419019,-2.492707,1.835776,-0.458056,0.149711,-0.666807,0.616797,1.022480
0.325546,0.102191,-0.112155,-0.407384,0.770351,-1.453288,1.023137,1.025612,0.810368,0.351997
-2.465101,-0.406943,-0.127175,-2.404041,2.678801,-0.803595,0.924195,-1.332234,0.293265,-1.192597
-0.343188,-0.644614,-0.991162,0.711189,-1.644773,3.892251,-1.150788,1.865376,-1.980521,1.072601
-0.935973,1.353005,-2.399050,-2.070107,1.904658,-0.028084,-1.935584,0.359964,0.683685,1.595289
0.486604,-0.064669,0.362520,-1.352783,0.198821,-1.049890,-1.185049,-0.197071,1.579912,-0.126343
-0.752068,-0.796454,0.407017,1.065186,1.161581,-2.677096,-0.096886,0.983593,0.720522,-0.204173
0.085628,-0.243395,0.672349,-0.104939,0.466828,2.118752,-0.844032,1.871945,0.075626,-1.612932
1.113158,-0.406727,-1.054364,1.402593,-0.850124,0.750786,-0.816818,-1.120603,-1.522786,0.743496
0.815179,0.568522,-1.242832,-1.337055,0.477239,-1.185634,-1.246232,-0.552563,-1.196557,-1.133231
-1.151217,-1.174234,0.631602,1.580792,-0.748135,0.733106,-0.497632,0.970315,0.333184,-1.443574
-1.259467,-0.819919,-1.416999,-2.158808,-1.078667,2.356415,-0.097084,0.337396,1.451212,1.614613
-0.239519,0.446353,0.478958,0.828718,0.134400,-0.847107,-0.974605,-0.614910,1.103371,-0.378743
-1.874164,-0.231161,1.791299,-2.304216,-1.074445,1.648127,-0.305652,-3.340780,1.072098,-1.222610
-1.216997,0.346579,-1.073136,-1.915855,1.933595,1.283637,0.886999,0.878054,-0.246983,0.208292
-0.453688,-0.591653,0.474420,0.843693,-1.946004,-1.038485,0.307969,0.994694,-1.373557,-0.065347
0.704730,-0.048811,-1.417132,-4.107244,1.743603,1.264162,0.865241,-0.981173,1.054935,0.662424
-0.374754,1.265925,-1.668770,2.318759,3.534969,-0.968951,0.497993,0.035594,0.421070,0.214338
-0.295895,-0.857980,-1.776160,0.314738,-2.082197,-1.941551,-0.742437,0.521245,-0.183653,0.075241
-0.044073,-1.239842,-0.045421,0.576476,-0.312212,1.170633,1.165577,0.699309,0.880032,-1.863806
-0.596480,-0.854121,-0.754253,-1.090924,0.166439,0.471425,0.173238,-0.365000,-1.031869,-1.077730
-1.283978,0.042463,0.107683,2.524303,-3.320961,-0.870766,1.154165,2.774485,-0.221252,1.013459
-1.186850,-0.918202,0.241920,-3.092565,0.517006,0.059570,0.771734,-0.989693,-0.677799,2.085790
0.739214,0.624754,0.611030,2.169235,-0.180169,1.729734,-1.377424,-1.826050,-0.196049,0.384768
1.364464,2.388065,0.939975,1.006667,-1.013226,-0.978174,1.043231,0.202290,0.688259,-0.673659
-0.537391,-1.608659,1.019805,2.698646,-1.940431,1.173859,-0.903695,-2.197463,0.331514,0.429681
2.094418,3.014299,0.990848,-1.582116,-1.620128,1.632979,0.393974,-1.899864,-1.081169,1.888565
0.663116,-0.341773,0.450252,-0.760061,2.977254,0.033641,-2.231986,3.227130,1.651417,-0.326736
-0.691581,-0.203733,0.169009,3.300148,-1.324647,3.504631,-1.221880,2.272996,0.437421,-2.430510
-0.200019,-0.746770,-1.398610,1.928157,-1.371296,-0.866414,0.291224,0.480314,1.012359,-0.739138
-1.264052,-0.002971,-1.115185,2.212924,0.849332,1.436577,0.780326,5.096792,1.326001,-0.151955
1.811581,0.448588,1.112914,2.916504,1.148677,0.488194,0.082500,2.693600,-0.732282,-0.352472
0.220401,-0.452663,-0.516389,0.136350,-1.469695,-0.143153,-0.494771,-0.361883,0.795792,0.895542
-1.051755,-0.593716,-0.083491,2.208205,-1.894685,1.393323,-0.648858,-1.431785,-0.289757,-0.619220
1.909335,0.420742,0.371706,-0.749934,-0.909634,-1.118158,-0.036458,1.320429,-1.571855,-0.854448
0.269960,1.234677,0.040222,-1.577164,1.013837,-0.973849,1.451922,-0.309614,2.582867,0.809041
-1.145614,-0.094015,-0.468053,-2.568288,-1.417779,-0.031244,-0.141333,-0.642122,-0.185901,0.056897
0.547737,0.458014,0.945417,0.372047,-0.624217,3.274482,-0.387665,-0.783093,-1.659211,1.319666
-0.352663,-0.239356,-2.130499,-0.682525,-1.724881,-0.245805,0.116883,-0.959592,0.868674,-1.929887
0.683251,-1.199313,-0.242647,-2.505599,-1.153970,-1.715146,0.254109,-0.623249,0.601821,0.252692
-1.171293,-3.602573,-1.289869,1.996021,-0.328014,1.504156,-0.624228,2.564978,-0.694503,-0.093575
0.941884,0.732918,0.021590,-3.112978,-2.680693,4.094882,0.248694,0.702196,0.195014,-1.774940
0.908214,-0.635029,-0.118128,1.920230,-2.857742,-0.835821,0.824371,2.509255,0.114034,1.326722
0.117344,0.336717,-0.508044,0.852173,0.871775,1.265150,0.655318,-1.484483,0.514163,-1.188629
-1.003592,-0.044762,-0.811485,-0.518678,0.892479,-1.674907,1.132148,1.463449,-0.192663,-1.901248
0.910177,0.918709,1.869390,-1.226314,0.633675,-1.251058,-0.615541,-0.449286,0.348229,-0.018908
0.265188,1.002695,0.828828,0.761867,1.367123,-1.722481,-0.296014,3.196858,0.226779,-1.894425
-0.866766,0.554368,-2.192991,-2.354344,1.128360,-0.456991,-0.694973,-0.741585,-1.237663,-0.938929
-0.420627,-0.905062,1.392036,-3.876454,-3.010744,4.030843,1.834491,-3.482617,-0.548434,0.738489
-2.807257,1.171367,2.111870,0.448635,0.355528,0.715952,-0.053908,1.910309,0.327938,-0.047090
-1.115251,0.080907,-0.548587,2.654371,1.685419,1.717763,-0.720442,0.995627,0.563030,-0.873779
-1.352097,0.900572,0.383588,-1.499475,1.319126,-0.535969,-0.144727,1.171193,-0.722952,-0.070961
2.025890,0.588033,0.915363,-0.259544,0.941772,0.660067,-0.975482,0.359767,1.288461,-0.105189
2.057592,1.167756,-0.700488,0.364318,-0.901764,2.930831,-1.291845,-3.179098,-0.265986,0.648103
0.255360,1.147058,-0.023975,1.754143,-0.315421,1.681811,-1.515175,-0.899744,0.263127,1.038134
0.352943,1.201227,0.608758,0.397387,1.310835,0.393810,0.680406,-0.348978,3.526766,-0.068605
1.196947,-1.595998,-0.531248,-2.049092,-1.982069,-1.336768,0.483932,0.498777,-0.974110,-0.771952
0.173242,-0.683157,-1.420483,0.505652,1.723388,-0.028620,-1.047386,0.305102,0.550314,0.434253
0.740293,-1.217741,-0.494190,0.962622,0.054607,-0.741200,0.026428,0.331761,0.057507,0.886473
-0.204170,-0.214919,-1.395194,-1.126967,-1.792360,-1.151737,-1.967395,0.034011,0.866191,-0.895844
-1.705168,0.959501,0.789700,2.795090,-2.359204,-1.981930,0.180743,0.569276,-0.140055,-0.009063
-1.341123,-1.309105,1.720069,-0.085843,-0.939248,-0.368396,0.367115,-2.745579,-0.740906,-0.791322
-1.196326,0.053712,0.289570,-1.666307,0.437562,2.153663,-0.491072,0.891131,0.239392,0.018066
-0.799395,-1.613913,0.644485,-2.513966,-3.245839,-2.207463,-0.778516,0.307000,-0.258155,-0.536165
0.186562,0.785729,0.124298,0.435246,-0.940803,2.273965,1.319573,1.724311,0.107787,0.588209
-0.158526,-0.166761,1.189341,3.192192,-2.095978,1.370474,-0.376399,-0.756128,-1.514113,-1.071398
1.003106,0.039068,0.776509,-0.436407,-2.235514,-1.096568,-0.922533,1.737734,0.997776,-1.684485
0.101428,-1.321659,0.200318,0.131746,1.433690,0.026913,0.398807,-0.079876,-0.665570,1.075741
1.197282,-0.253892,-2.413689,-1.111111,0.972781,-0.119619,-0.839924,3.199342,-0.670552,0.085042
1.174882,1.229278,1.124250,-0.348104,-0.316478,-1.275470,-0.356955,0.989150,-3.120124,0.345550
0.686278,-0.276742,0.193295,-1.866692,2.700381,-0.343489,2.304852,1.370038,0.730917,1.652815
1.545545,-0.454082,0.495552,0.608342,-1.712288,-0.466326,0.014013,-2.359456,-0.349643,-0.568043
-1.147947,-2.458234,-0.895252,-1.916797,-1.646212,-0.289623,-0.515744,0.124709,-0.014403,-0.190955
0.256078,-0.561723,-0.017230,1.510811,-0.852539,0.191162,-1.456649,0.726104,-1.266007,-1.007033
1.394427,-0.031540,0.621977,1.228489,-0.698465,-0.175354,1.180190,-1.920024,-0.981049,1.151470
0.358025,-1.295555,-0.790783,-0.928786,2.875709,-0.975281,0.490454,1.667905,2.196521,-0.022576
-1.971833,-0.366302,-1.509514,0.580895,-1.705074,-1.063880,0.493660,3.547599,2.764208,1.524408
1.465630,-1.142406,-0.132153,-0.971298,0.667088,3.145950,0.448612,1.015436,-1.128630,-0.234435
0.555438,-0.222933,-1.979584,0.142011,-1.729315,0.677847,1.209718,-0.993311,0.956482,-1.876570
-0.842463,-2.785087,0.050664,-0.683584,0.060001,0.040596,-0.132009,-0.488373,0.968794,-0.188214
0.726914,2.043218,0.554817,2.308686,0.995725,-2.758845,-1.437780,0.110157,-1.573615,0.809986
-0.146630,-1.603361,1.967286,2.785106,-3.560474,0.380295,-0.706873,-0.099858,1.031759,-0.214850
-1.196321,1.356466,0.631588,-3.301518,-3.435545,4.323745,0.376486,-0.783614,-1.720579,0.681940
0.651741,0.546928,1.938431,-1.730306,-2.039443,2.486057,0.280890,0.007520,0.419408,0.940740
-0.739893,0.033426,-2.675248,-2.626337,-0.431404,-0.058391,-0.949735,-0.527679,-1.227473,0.125761
-1.406347,-0.368659,-0.518428,0.436890,-1.964668,-0.792351,0.529575,2.398253,0.570765,2.052744
1.210750,0.225323,0.739343,0.167088,-0.323837,1.302236,-0.083537,0.741255,-0.760986,-1.427492
1.066839,0.228821,1.067184,2.493356,1.373924,-0.045330,-0.641105,0.024824,-1.414127,-1.341028
-1.749801,-1.593949,-1.628158,-0.168818,-1.412809,0.364651,1.031969,-0.956303,-0.237247,-0.451017
-1.516893,-2.007347,0.245066,-0.350170,-0.661870,-0.913881,-0.113771,1.185418,-1.098632,0.235050
0.106865,0.406157,-1.435365,-2.078080,-2.279649,-1.526918,1.261871,-1.475675,-1.609854,0.842505
0.179599,-0.320995,-0.226272,-1.905772,2.985284,-0.948934,0.321965,-0.489210,0.725753,-1.101654
0.329451,-1.854452,-0.572384,1.023552,-0.899022,0.948005,-0.257776,0.679740,-0.043741,-1.451880
-0.746135,-1.599519,-0.319260,2.450354,-1.702085,-1.023639,-0.041075,2.008277,1.257937,-1.072926
0.710633,-0.589725,0.964395,0.054771,-0.644496,0.374734,-0.506646,-0.429740,-0.029551,0.406653
-0.086890,-0.880199,-0.034386,-0.514075,1.294879,0.609925,1.195287,-0.058629,-0.246882,-0.181107
0.071906,-0.025316,-0.071339,1.708626,2.168381,0.661120,0.251717,1.156153,1.394048,-0.364935
-0.111131,-1.433582,2.337488,-2.061621,0.508165,-0.496866,-0.479717,-0.146931,2.147608,2.096171
-0.957278,-0.699647,0.526684,-1.373297,-0.705693,-1.477309,-0.849395,-0.706402,1.669050,-0.566793
1.139443,-0.527390,0.567507,0.853251,2.023093,-2.315953,-0.034203,1.961367,0.244292,-0.213022
-0.476520,-0.277261,-0.136081,1.661535,-0.823530,2.535262,0.304214,-0.169775,-1.846162,-0.825885
0.534083,-0.396673,0.559631,-0.758272,-0.926292,0.875755,-0.536373,0.059428,-0.492570,-2.698461
-0.763517,-1.521351,-0.540583,1.486730,-1.044793,-1.219247,1.282981,1.327420,-0.583711,-0.871705
-0.379840,-0.666508,0.719008,0.548223,-2.446311,2.054286,0.221518,0.488047,1.320324,0.706217
-0.417168,-1.462386,-0.638814,2.406236,-1.705126,-1.179594,-2.034427,0.297225,-0.627694,-0.639320
-0.446830,-0.818264,2.344762,-2.489178,1.940665,1.541942,0.878973,0.305536,1.069340,0.014441
-1.817750,0.291374,0.103886,0.509082,1.140304,0.680615,1.762753,2.238040,1.104571,2.441888
-0.561317,0.012570,0.740359,1.562301,0.793691,-1.133084,1.318023,-0.652072,0.772360,0.056202
-0.372527,-0.984239,0.066719,-1.241707,3.306980,-0.475873,-1.176473,2.471960,1.301307,-1.147434
-0.017361,0.247176,1.173263,-2.465522,-0.132623,2.643890,0.059414,0.130678,-0.897427,-0.654276
-0.409883,0.835656,0.533087,-1.333151,1.636270,1.150396,0.882705,1.101520,-0.145039,0.881244
-0.966631,1.669120,-0.156545,-0.194161,0.873802,0.262336,-0.298105,0.837490,1.115129,-3.086602
2.252245,1.261702,-0.227847,0.559294,-1.420232,2.383034,-1.090775,1.912603,0.444306,0.889741
0.436101,1.176052,-1.234329,3.379417,-1.263517,1.902874,-0.311380,-0.366408,-0.533416,0.084278
-0.504674,-0.118115,-1.026953,1.543418,-0.309306,2.527276,-0.275741,2.571165,0.102383,1.296792
0.585290,0.214796,1.619132,0.876186,-1.342172,1.277155,0.604370,-0.940610,-1.349642,0.597490
1.423961,0.635395,-0.859457,0.197777,-1.517761,-0.395020,-0.251704,-3.172871,1.539321,0.514231
-0.904325,-0.183357,-0.474766,0.416070,-1.521147,-0.951675,-0.862223,0.664929,-0.028825,0.420921
0.546393,0.648927,0.703706,-2.711593,-1.948405,-1.412338,1.704241,-0.003986,1.691040,0.818528
1.283739,-0.248128,0.079200,0.956542,-2.003484,1.966076,0.819087,-0.604169,-0.060317,-0.854263
-1.364256,0.249531,0.330759,0.230448,0.146078,0.137751,0.242480,2.656510,-2.195972,1.398262
-1.450563,0.096351,-0.132924,3.307667,-0.928445,0.141988,-0.642380,-0.686430,-0.419883,-0.664240
-0.230448,0.487950,-2.003868,0.176699,-0.944830,3.590103,0.497023,0.243204,-0.539817,-0.074093
-0.617962,0.794617,-0.963228,-1.304786,0.278411,-0.692032,-0.048779,0.044270,0.355175,-1.330856
-1.540711,-0.798754,-0.154212,-0.784659,-1.264796,1.369506,1.268950,0.121119,0.147956,1.398454
-0.408169,1.588645,-0.050699,-2.835728,1.794349,-0.008607,-0.536085,-0.229129,-1.557598,-0.719964
-0.799538,-0.208686,0.227718,-0.964827,-0.105658,-0.620251,2.431421,-1.277807,-2.912537,0.801405
0.007481,-0.418767,1.217113,-1.097764,0.101920,-1.116017,-0.217220,0.240502,0.935859,-0.386787
0.831770,-0.337519,0.097675,-3.247104,2.521208,-0.489664,1.281851,-0.235442,-0.160313,-0.543247
-0.602982,0.084296,0.059506,-0.174185,0.122604,-1.205722,-1.670502,2.149967,-1.570849,-0.225996
-0.171943,-0.187935,0.379562,0.705208,-1.799425,-1.211400,0.360856,1.818307,0.042497,-0.045075
0.302432,0.468735,0.008007,-0.937588,3.043644,0.369216,0.779406,1.409209,-0.211802,-0.750353
1.199890,1.630805,0.993938,1.613315,-1.374927,0.051298,-2.603984,0.872110,0.212573,-0.101709
-0.003097,-0.111160,-0.898412,0.726943,-0.529345,0.151089,-0.203230,0.126815,-1.144236,-0.965767
-1.874740,0.817813,0.447332,1.502175,-4.157681,3.454901,-0.809288,3.768895,-1.368942,-0.528816
0.857570,-0.192764,-0.311710,-0.851823,1.997845,-1.158573,-0.511105,0.501406,0.233360,1.685355
0.536185,0.661115,-0.487851,-0.133528,0.947458,0.802397,0.729565,1.266618,0.750406,-1.055946
-0.389568,-0.911507,-0.208752,-0.513047,-0.930871,2.788330,-0.933463,-0.334421,0.104104,-3.407175
-0.780925,-0.317624,-0.132751,-0.251761,2.772017,-2.534140,0.080324,1.126601,0.270112,-1.219390
-0.572266,-0.109958,-1.157330,-0.659448,-0.962189,0.855331,-0.447218,-1.107968,1.033267,-0.577605
0.925827,-0.357572,-2.534542,-3.805763,-0.906773,-3.993959,-0.224699,1.271771,-0.773235,-0.303585
1.663446,0.527905,0.748391,0.417160,1.846758,-0.137732,-0.900568,0.202381,0.174836,0.584335
-0.505954,-0.581321,0.969715,-1.034226,-1.795701,1.312547,0.962347,-2.733813,0.101425,0.364968
-0.323189,-1.819213,0.783931,2.424711,-2.276447,-0.221654,0.073025,1.253720,-0.142860,-0.014089
-0.071865,0.427001,-0.416495,-0.895984,0.904644,-1.200871,-0.396703,0.648300,-0.538774,-1.272366
0.395841,-0.596519,0.078467,0.256128,-1.585093,-0.635831,-0.865214,1.145657,1.051265,0.523910
-0.584941,-0.540807,-0.355034,-0.086658,-0.132362,-0.056120,-0.133989,0.712168,0.834264,0.390685
1.194905,0.760741,-0.110944,-0.221737,1.388859,0.760098,0.146545,1.705657,0.135360,-0.111566
-1.103979,-0.350444,0.743114,1.298332,-0.756331,2.373624,-1.011409,2.184653,0.626911,1.211389
0.689169,-0.945105,0.730098,1.061994,0.227391,0.854237,-0.207950,-1.162511,1.085481,-0.903101
-1.966655,0.047649,-0.024348,-0.602306,0.260469,2.926041,1.928280,-0.359830,-0.919224,-0.171286
-1.572650,0.623111,-0.213285,0.544321,0.067124,-0.172902,-1.270462,-1.042904,-0.244537,-1.557783
-0.101220,-0.749466,-1.121350,-1.197113,1.492790,2.082449,1.655585,1.250622,0.752824,-0.861508
-0.535473,-0.274396,-1.596697,-4.011101,1.754651,2.320843,1.812662,-0.137321,-0.662014,-0.469322
-0.785820,0.695397,-0.433009,0.799142,-0.218330,-0.660626,-0.856705,1.927835,-1.072320,0.196936
-1.509471,-0.693913,0.245040,0.941581,-0.809304,-0.968627,0.236996,2.332111,-1.088328,0.326218
0.662835,-0.299662,1.701692,-1.169482,-1.293190,-1.556121,1.447397,-0.758625,0.143061,0.397572
-1.068045,0.885434,-0.763645,-1.953870,0.785925,2.665210,-0.050555,0.583419,0.817530,0.088130
-1.226951,0.725939,0.663904,-1.918986,0.345768,0.632484,-0.872700,-0.228112,0.813509,0.797098
0.762230,0.330856,-1.968517,0.380764,-0.654402,0.006479,0.698420,-1.009426,0.664859,1.924947
-1.416548,-0.726355,-0.269262,-3.484686,-2.823563,-1.571292,-0.013213,-2.612249,2.216179,-1.027216
-0.186236,1.004980,1.479876,-2.539594,1.904160,-0.322378,0.175900,-0.405734,-0.364108,0.415067
-1.174198,1.176943,-0.517018,0.717378,-1.274175,1.706299,-0.693866,1.045937,1.370392,-1.323264
-0.549796,2.188393,0.210498,-2.874126,-3.239015,0.420560,-0.966191,-0.375364,1.694084,0.876324
-0.531292,0.237339,-0.351426,-0.780503,0.086833,2.918630,-0.701698,1.581871,0.636335,0.275205
-0.340953,-0.643901,-1.353063,2.178461,0.819814,0.090322,1.280215,2.738446,-0.036853,0.797688
-0.324573,-0.158911,0.955689,-1.438115,2.134235,0.899937,-0.981515,1.052681,1.749759,-0.370500
1.665561,-0.528797,-0.252297,-0.352358,-0.551743,4.317501,0.035481,2.268080,1.689510,0.224789
0.155990,0.750795,0.860526,1.146483,-0.436280,0.417432,0.904875,0.560571,-1.244022,-0.142811
1.720895,-1.417765,-0.339598,-1.290646,0.722069,0.567273,1.280008,0.313965,0.992704,2.130263
0.294323,-0.510958,-0.005007,-0.028770,0.438568,2.282344,-1.008929,0.690314,-0.710290,1.116802
1.709266,0.564155,-1.019995,-1.146300,-0.664804,0.662639,-1.375027,-1.328325,0.815831,-0.065501
1.064012,-0.113268,-1.135965,-0.440371,1.804011,0.429493,-0.258477,4.744846,2.547811,-0.270764
-1.893878,-0.192486,1.984668,-0.617593,1.842303,1.114376,0.340893,1.594098,0.766541,0.877095
-0.229735,-2.096268,0.614048,2.190787,1.509421,0.677813,0.664975,-0.344259,-0.516528,1.151550
0.005964,-1.381956,2.462304,1.416376,-1.028653,0.384009,-0.352629,1.057931,0.638805,1.316281
-1.195443,0.029600,0.709209,-0.731622,1.260070,-0.997918,1.284736,0.364033,0.880753,-0.206515
1.825121,-1.011315,0.577879,0.127401,-0.357519,1.572584,-0.410900,-2.032387,-0.057048,0.375536
1.003857,0.454869,1.029992,0.346563,-1.227555,-1.463281,-1.453906,2.324891,0.261416,-0.290812
-0.795683,-0.015688,0.327477,0.249503,2.045263,0.286243,0.481750,-1.180175,0.863475,2.264232
-0.430764,0.662965,-0.611426,-1.837392,-3.806946,-1.276101,1.241508,-1.121932,-0.259673,-0.822287
1.052000,-0.019669,0.178739,-3.321079,-2.750564,-2.182869,-0.397308,-0.786732,-0.479042,-1.717616
-0.210915,-1.668258,0.348604,-0.845327,1.865143,-1.941634,1.396291,-1.085365,0.904113,-0.212801
-0.087062,0.494458,0.568695,3.380783,-1.416092,2.599791,1.545190,-0.258984,1.378904,1.571323
1.520836,0.573473,0.107644,-1.519832,-0.811467,-0.012363,-0.603675,-1.077769,-0.122643,0.500075
-0.447575,0.700883,2.116536,-0.163449,0.430956,-0.188320,-0.707098,0.992585,1.103618,-0.808429
0.932360,0.229181,0.549327,0.433392,-2.131198,-0.012781,-1.747681,0.900687,1.102076,-0.465287
0.978005,-0.321538,1.033681,1.963584,-1.954859,-0.091631,1.650580,0.920955,-0.537256,-0.827524
-0.727417,0.910108,-0.380242,1.391070,-2.895711,2.020913,-0.810877,2.379421,-1.324636,-0.589426
-1.448941,-0.698732,1.546232,0.965261,0.197354,-0.969888,0.311972,-1.383266,-0.123846,-1.498331
-1.468534,0.585923,0.167534,-1.476599,2.646395,0.024370,-0.817749,1.045977,-0.382499,-0.122286
-0.948863,0.371453,2.841868,1.289729,-1.390798,2.369666,1.231140,-1.373601,-0.052863,0.385346
-2.086633,0.963771,1.185004,0.047805,-0.795368,0.451475,-2.187320,0.783256,0.362070,-0.115421
-0.035986,0.572585,0.385487,2.358247,-1.963722,0.867756,-1.650222,-0.464065,-1.178925,1.089274
-0.913315,0.271121,-2.330763,-0.308708,-0.857353,1.028767,-0.872221,0.975658,0.674351,1.677907
1.949382,-0.472392,0.903463,-0.371954,-1.546026,-0.496086,2.243320,-1.740584,-0.620309,-0.625527
-0.629884,-0.880668,1.307582,-2.804875,-1.394104,-2.693469,-0.477847,0.222546,0.503421,0.661772
1.239107,-1.139286,0.174298,0.220676,0.856634,0.991487,-0.369097,-1.097966,0.155948,-0.229758
1.005734,0.530664,-1.619149,-0.454315,-0.176151,-0.624342,0.852401,-0.529391,-0.630821,2.018748
0.063900,1.120032,-0.062829,0.225324,0.245740,0.062119,-1.341876,1.245868,-1.452347,0.346569
2.385414,1.754524,-1.294980,0.853945,2.618789,-0.379833,-0.747237,2.742636,0.987087,1.217918
1.528516,-1.081350,-0.483265,0.489979,-0.196012,-2.122349,1.265180,1.058123,-2.005367,2.226862
0.404445,2.431020,-0.307035,0.303747,-0.218314,0.517167,-0.126213,-0.794091,0.031720,0.396158
-1.510474,-3.816633,0.583864,1.461946,-0.302704,1.987971,0.247320,-0.779501,-0.156633,-0.971838
1.026100,0.018434,0.432921,-1.975296,-1.893197,-1.429556,-0.235037,-1.180857,1.557126,2.307368
-0.619541,0.237368,-0.694482,0.141419,2.120424,-0.892878,-0.014004,-1.402937,-0.845216,0.298985
-0.584264,0.309009,0.429167,-0.279524,-0.467389,0.007612,1.189896,-0.501314,0.543569,1.622837
0.061530,-0.123761,1.034304,-3.764129,-0.347418,-4.140590,-0.673207,0.438104,0.259513,0.766245
0.554016,0.218690,0.808669,-1.181946,2.700835,0.646937,1.651999,1.524767,2.073276,-0.825953
-0.730532,0.059987,1.066421,0.608453,-0.211821,1.665828,-0.009232,-1.909345,-0.203228,-0.809104
-0.997389,0.845736,0.573996,0.184891,2.971835,-0.985132,-0.413008,0.479902,-1.060639,2.344956
2.226186,-1.976266,-1.339603,-0.294918,0.844430,-1.547423,-0.184336,0.977219,-0.383981,0.082603
-0.310448,-1.375658,1.572765,1.141782,1.468784,-1.184976,-0.106668,-2.502629,-0.196476,0.233239
-2.389626,-0.637529,0.599811,0.953388,-0.967305,-1.233764,-0.299040,-0.338635,-0.636521,-0.406021
0.768179,-0.843157,0.972374,2.080568,-1.239250,0.328675,1.040989,-0.494498,0.124099,-0.278591
-1.236084,1.137288,-0.326031,2.846874,-1.432995,-0.670090,1.562846,1.983686,1.524757,1.978895
1.107516,0.620049,-0.570422,0.561496,0.135479,-0.604207,0.966400,1.182412,-0.325910,-0.951677
0.369051,-1.278093,2.484377,-0.239366,-0.766211,-1.100076,2.470564,1.973439,0.345319,-0.207019
-0.100334,0.861714,-0.117064,0.609854,0.364081,-0.683854,0.077198,-0.554375,1.757815,-0.298296
-0.103646,0.311475,0.049096,0.798185,-1.629785,0.878337,0.180659,-1.310067,1.555270,-1.212451
-0.301791,1.041051,2.867749,-0.770646,0.115393,0.715274,0.070741,0.602587,0.950741,1.236615
-0.354256,0.121467,0.040489,1.524237,-0.247928,-0.933833,-0.731329,1.162222,-0.990972,0.830937
1.568364,-0.472005,-0.370255,-1.791045,1.083790,-1.045631,-0.378987,-0.917935,1.969256,1.532669
0.307063,1.441843,0.792777,-2.786360,1.377804,1.444897,-1.592977,0.301220,-0.299170,0.255990
-0.153207,-0.203074,-0.626279,0.072032,-0.934179,2.752387,-1.683379,1.568882,0.660118,0.897631
0.321026,-2.045340,-1.223287,0.818109,-0.160426,0.055424,1.013038,0.266951,0.747652,0.340776
0.389696,-0.344358,1.782860,1.049568,-2.415324,1.278642,0.893420,0.803646,0.128427,1.160420
0.617153,1.277338,0.141713,1.097086,0.416150,-1.379281,0.842470,-0.096806,-0.165271,-0.101249
2.406425,-0.758861,1.485703,-1.574130,2.172207,-1.085933,0.427508,-0.249842,-0.318951,0.021876
-0.801070,-1.670520,1.272768,-0.552165,0.121735,-0.705696,-0.444886,2.655688,-1.607104,-1.495189
-1.041928,-0.835332,1.945620,2.047945,-0.829930,1.982184,2.141331,-0.060544,0.065576,-1.113836
1.089275,-1.122676,3.175878,1.872360,2.188650,-1.111561,1.048996,2.597141,0.366750,0.513629
-2.296729,0.368209,-0.242432,-0.601405,0.715874,-1.066408,-0.418552,0.641178,0.065151,1.188790
-1.397244,0.705259,0.451196,-0.854274,1.798588,-1.501408,1.086530,-0.005526,0.871326,-1.231483
-0.066139,-0.919597,1.051540,0.527761,-1.245235,0.861019,-0.000752,0.427745,0.488337,0.403294
-0.374391,2.255557,-0.222100,-1.990697,0.756853,-0.216342,0.425970,0.853013,1.787015,-1.368227
1.417780,-0.941475,-1.392186,0.294970,3.678229,-1.249033,-0.854210,3.965983,-1.302082,0.584398
-0.873788,-2.554115,1.381860,2.301581,-1.484071,3.578542,0.391394,1.348045,-0.499736,-1.973438
-0.230478,-0.654334,-0.724774,2.113182,-1.438447,-1.039053,1.054771,0.684775,-1.454799,-0.574188
0.389207,1.017998,0.377150,0.392051,-2.858941,0.022031,-0.994342,-1.521425,-2.367426,-2.231655
0.102116,-0.180930,1.393598,1.456999,-1.898816,-0.846278,0.878051,1.546813,0.089256,0.634254
-0.335788,-0.894570,0.643959,0.913967,0.036783,-1.300125,-0.258095,0.430472,-0.008221,1.294463
-1.052305,-0.267860,-1.369991,-1.336509,-1.621623,-0.792652,2.139749,-0.533478,1.010940,-0.546521
-0.316256,2.206605,-1.509354,2.184746,0.816502,-0.001689,1.194963,0.003866,1.943639,-0.517176
0.382020,0.547511,-1.883723,0.517930,4.203238,-2.324882,-0.278865,1.483976,0.205306,0.376879
1.041933,-1.520965,0.677066,2.626590,-0.951262,1.084757,0.794145,-0.084984,0.117108,-0.322931
0.416721,-0.486298,-0.522831,-0.270769,3.406380,-1.172604,-0.316963,2.802884,2.476715,-1.198191
0.356428,-0.208006,-1.638345,1.695687,-2.091179,3.782527,-1.420185,-0.252811,-1.003000,-0.196366
0.681742,0.095875,0.386551,0.165206,-0.781531,-0.368367,1.717501,0.246711,0.066787,-0.959779
-0.960643,-0.595449,-0.636856,-0.763803,-3.686788,-1.488645,-1.989105,2.958591,-1.004426,-1.395423
-0.542238,2.792375,-0.097176,-0.691904,-0.582995,-0.944301,0.279225,-0.337133,0.223785,-1.411380
0.145819,0.607661,1.669305,1.190759,-3.192758,-0.732966,-0.190930,0.668718,0.229984,1.440007
1.580330,-0.299694,-1.602654,-3.469979,1.594872,1.410716,0.284492,-0.450381,1.170948,-1.116743
-1.106591,0.662872,-0.616223,1.728175,-0.965852,-1.052598,2.100612,1.649889,0.256790,-0.665210
-0.355561,-0.933638,-0.699036,-2.754904,3.891692,0.380449,0.882582,1.669773,-0.247912,-1.092460
0.338477,0.952062,-0.165116,-0.016174,3.046216,-0.015572,-1.505364,0.612939,-0.310555,-0.538751
1.621497,0.943704,-0.247693,0.842498,-0.130155,0.937104,-0.096955,1.848913,1.069778,0.383876
0.524635,-0.031631,1.233991,-1.737414,2.021537,-0.751888,0.412282,0.360825,0.297287,0.453012
1.266565,0.928706,0.227183,-0.108862,-2.405646,-1.342975,-0.754137,-0.011199,0.611524,-0.941315
0.864075,-0.794597,0.183412,-1.494933,-1.780508,2.761177,0.058966,1.233924,-1.264122,1.375959
-1.468935,-0.255944,-0.637996,-0.478878,-0.147528,-0.035949,-1.123692,-1.051117,-0.337164,0.750041
0.754661,0.867449,-0.251252,-0.664890,0.137611,-0.766247,0.032287,-1.355179,0.419590,-0.932735
0.633110,0.656249,0.537721,1.246601,-0.346617,-0.774187,-0.762097,-0.358037,0.266859,0.107809
1.500415,-1.606719,-2.114712,1.717689,-0.204452,-1.050826,0.820601,-0.602409,-2.680947,1.208305
-0.168904,0.453987,-0.224973,0.540545,1.610904,-0.535595,0.425183,-1.076123,0.048603,-0.709545
0.121724,-0.418319,0.064324,0.371853,1.280182,0.368463,0.156538,2.115520,-0.340029,0.537575
1.016707,-1.471024,-1.394989,-2.961740,-1.037780,2.479488,-0.854488,-2.399247,0.242333,-1.391019
0.745885,-1.235105,-0.709184,1.399596,-1.677393,2.098743,-0.268737,-0.904015,0.938107,1.442087
0.789819,1.749349,1.180147,1.657835,-0.993494,-1.023853,2.283095,-0.061898,-0.611113,0.873362
-0.555288,0.446959,1.638113,-0.714331,-2.095572,-1.711894,0.289294,-0.993236,0.212381,1.337021
-0.998283,-1.099647,0.490483,-1.204977,-0.694503,3.131314,-0.648236,0.296234,1.334121,-0.833564
-0.189700,-0.142664,-1.177722,1.350536,-1.172342,0.585587,-0.523367,1.101155,-0.312536,-0.620506
0.256746,-0.887901,0.844662,0.185567,0.182247,1.830378,-0.515115,0.896139,-0.342132,0.382188
-0.907025,-1.559090,-0.580043,-1.267179,0.157503,-0.348693,-1.021024,2.136443,0.821087,-1.278382
1.338403,-1.226802,1.073589,-1.535435,-1.303308,1.176945,1.132947,-2.243672,-0.164803,-1.098111
-1.587676,0.310771,-0.149237,2.982831,3.065810,-1.422215,0.629196,0.652063,-0.080073,0.973282
0.859730,-0.418983,-0.511761,-2.576575,-2.552198,-1.713052,0.118445,-0.935769,1.599526,1.310613
0.057127,-0.576894,0.605368,-1.265044,1.847078,-0.551339,0.100092,1.973417,-0.907926,-0.783474
-0.540129,0.746652,-1.153814,-2.354852,-2.531353,2.868772,-0.097049,-0.692315,0.253391,-0.540695
-1.083184,0.272879,0.256445,0.622329,-1.087362,2.630215,-0.140106,1.947268,-0.506235,-0.384457
-0.994839,-0.446985,-0.495033,-0.742495,-0.975805,2.677394,-0.673250,-0.636138,0.194280,-0.172978
-0.325851,-1.239274,0.915041,1.204985,-1.905058,-0.931589,-1.031828,2.488302,0.461595,-1.373483
-1.031005,0.860185,-0.492219,1.166733,4.839193,-3.039798,-1.787849,2.655167,-0.897857,-0.588719
-0.520401,-2.491221,0.594826,2.949402,-0.873611,2.897350,0.184448,1.841965,0.835937,1.131836
-0.414952,-1.675806,-1.545050,-0.794384,-0.879218,0.928261,0.377877,0.118312,-0.375586,-2.119822
-0.655639,-0.887066,0.257923,1.205089,-0.820342,-1.023037,0.741603,1.145343,1.706858,0.854171
-0.099638,0.528483,-1.583666,-1.683114,-2.656236,-1.477280,1.770506,0.318990,0.224895,0.728160
0.493740,-1.169529,-0.781321,-3.209194,-1.915062,-2.096906,-1.419728,-1.402043,-0.275412,-1.798522
1.420900,-0.294898,-1.385627,1.524395,2.389797,0.158666,-0.403330,3.019526,-0.367028,-0.230884
1.139106,0.008562,-1.578294,-1.257869,2.108845,-0.523989,0.047980,2.109526,-0.263977,-0.157017
-0.632415,1.510873,1.915777,-0.577548,0.960583,1.212577,0.930926,-1.769461,0.984654,-2.850368
-0.419721,-1.014738,-1.284560,-1.948374,-1.023232,-1.618876,2.007997,0.120562,0.221189,-1.640474
-1.358201,-0.843391,-0.931754,1.989313,-3.171109,1.558251,0.575753,2.638199,0.559928,1.025108
-2.522536,0.131323,1.725947,0.294408,0.565575,2.234405,0.318734,-1.391593,-0.696872,-1.481892
0.690372,0.356469,-1.387266,2.206981,-2.372107,0.450769,2.453546,1.409501,-1.131768,-0.789973
-1.077072,-0.127358,1.940519,0.528009,0.872539,1.013308,1.499751,-0.115839,0.249171,-1.122315
1.149276,-0.743719,0.946632,-0.104232,2.775053,-0.573126,-0.693461,0.093192,-0.794948,-0.809728
0.063444,-0.655471,-0.450697,-0.737745,1.830709,-1.059803,0.500740,1.711015,0.213035,0.200154
0.439477,-1.542446,-0.934028,1.674766,-2.125179,-0.887396,-0.322587,1.955182,1.230443,2.324462
-0.415333,1.562155,0.212904,-2.039733,-0.028697,0.426658,-0.824763,-0.315320,-2.284531,0.084151
0.000278,-0.048792,1.267661,-1.616313,0.118941,2.432035,-0.000216,0.876718,-0.173607,0.034048
-0.289309,1.232575,0.419873,0.489953,1.405185,0.698404,0.882584,2.003410,-0.235560,0.061228
-1.223576,1.361481,0.696071,0.797607,-0.332247,0.147690,-0.369273,-1.839983,-2.752666,1.635943
1.956500,1.318221,-0.152288,1.934868,-2.844938,0.079156,0.379949,-0.056943,-0.033469,-0.047306
0.025478,-0.576529,-1.781284,0.326458,-0.772505,2.013912,0.413189,1.240764,-0.157346,1.483329
-1.034110,-0.680339,-1.302159,0.961642,-0.796759,-0.001848,0.279817,1.128844,1.912527,-0.021545
-0.198372,0.362720,-0.729898,0.715349,0.921769,-0.418436,-0.396893,-0.773109,0.428519,-0.131417
2.751629,-0.923518,1.125024,1.225530,-0.771469,-0.220046,0.251768,0.123211,1.755323,-0.815402
-2.472517,1.719697,-1.513208,0.791007,-1.556062,-0.823031,0.803672,1.848170,-0.596981,-0.381809
-0.805839,0.034312,-0.383086,0.039254,3.183216,-0.534658,-0.539611,1.862600,-1.463165,0.670711
-0.146944,-0.423669,0.638660,-3.072481,-0.110364,-2.343052,0.048014,1.036191,0.285151,1.837293
-0.607390,0.389270,0.612349,0.984577,0.396364,1.769504,0.432236,-2.864397,-1.614570,-0.138659
1.279082,-1.191076,0.186962,-1.064784,-1.652277,-0.587293,1.361534,-1.547978,-0.122714,-0.894045
-1.359327,-0.794213,-1.442174,3.609655,-1.086535,2.892089,0.177223,0.197451,-1.054803,-1.210843
-0.946576,-0.708492,0.225488,-1.395188,-1.820559,1.197179,-0.561979,-3.603708,0.854316,-0.476244
1.121735,0.621726,-0.044161,3.463969,-3.403502,-0.643220,-0.504861,-0.960381,0.595699,0.460491
0.678756,0.928173,1.389824,-0.371009,-1.154396,-0.941552,0.522190,2.934934,-0.596036,-1.195441
-0.322576,-0.153273,-0.121888,2.848328,-2.811393,-0.974428,0.842252,2.136132,0.717525,-1.624230
0.902838,-0.203392,1.083302,-0.836715,0.356950,2.455861,-0.063773,1.344798,1.173801,-0.162786
0.058680,-0.004409,-1.663428,-1.405780,0.637828,2.401434,1.061633,1.248455,2.251403,-0.185325
-0.309595,1.676566,-0.794131,-0.828366,-0.561708,0.563669,1.099208,-1.180111,0.738929,-0.072121
-1.008475,0.350156,1.699476,-1.668027,-0.218686,3.286518,-0.380264,0.954524,-0.295098,0.690677
-0.616984,-0.254996,-0.548476,1.769929,-1.437025,-1.079875,0.513753,1.902015,0.612951,1.288009
-0.490223,1.517776,0.491318,-1.071481,3.130734,0.821846,0.658591,1.822999,1.243952,0.338197
-0.920349,-1.517194,0.418286,0.706006,-0.726275,-1.057410,1.559277,1.446673,0.024095,0.495864
0.300575,-0.178189,1.644812,-2.405312,1.678522,-0.008338,0.645140,0.766053,0.437953,-0.600113
-0.084799,-1.125509,-0.049834,0.441003,-1.300467,-2.153338,-0.099638,0.421245,0.057652,0.418152
0.967759,-1.417821,0.616023,-0.276321,-2.025778,1.075985,-0.856236,-0.192792,-0.186535,0.609170
-0.259103,-0.787542,-1.364850,0.719748,0.197666,-0.162517,0.081305,-0.404062,-0.031544,0.596205
0.751597,-0.740689,-1.637213,1.550735,-0.299922,-0.967583,-0.371866,0.575180,1.646550,-0.121627
-0.045094,0.447724,0.423182,-3.248689,-2.258009,3.846422,-0.609403,0.214622,-0.310448,0.355825
0.180620,0.112955,0.538951,-1.955493,0.786152,0.780863,0.845468,0.393348,0.080193,1.923127
2.488557,1.757984,0.989434,0.654389,-2.528599,-1.318486,-0.226723,1.459416,0.693839,2.279290
-0.090421,-1.350034,0.615627,1.316811,-0.233324,2.285949,-1.604601,2.601788,-0.644976,0.374461
0.431833,0.045987,0.605840,-0.462825,1.905496,-0.525779,-0.474739,1.050741,0.208595,-0.566039
-0.381071,-1.378519,0.465034,-2.398800,-3.009030,2.961163,1.636566,-2.459184,0.950433,-0.849186
1.101644,-0.165970,-2.013525,-0.935977,1.309999,-1.221816,-0.353909,0.608820,-0.968811,1.048500
1.576616,-0.224460,-2.473364,0.170751,0.672234,-0.346573,-1.338674,0.893480,0.212385,-0.510332
-2.056949,-2.502431,-0.984064,1.612454,0.774133,0.928646,0.211622,0.708967,1.111502,-0.854186
-1.423827,-1.100277,-0.248288,2.066766,3.632690,-2.031176,-0.044562,0.027875,-0.536041,0.197845
0.126577,-2.839123,-0.738757,0.921159,-1.396061,1.492764,0.129414,-1.232616,0.949851,0.320004
1.584925,-0.127238,1.342038,-0.320539,-1.362212,0.222882,0.072096,-0.247807,-1.068186,-0.546349
-0.943033,0.914181,-0.525614,-2.948290,1.517959,0.060386,0.551961,-0.443381,0.620860,-0.765256
1.260834,1.358909,-0.154153,0.334877,-0.731166,-0.333990,1.135587,-0.848248,-1.919423,0.049859
2.530642,-0.318252,-0.251496,2.345099,-1.256982,2.597479,0.855104,1.328186,0.167841,0.430461
0.391121,1.898036,0.238878,-1.870720,-1.223625,-1.660142,1.515436,-0.624723,-0.267425,0.638852
2.466419,-0.012411,-0.899828,1.982415,-1.530419,-1.014764,1.229238,0.484614,-0.994080,0.115800
0.899727,-0.873605,1.533253,-0.001774,2.378802,0.636210,-2.359950,1.860904,0.786114,1.336592
0.640680,-0.412359,1.809334,0.215708,-1.399964,1.757770,-0.951595,-1.122551,-0.342203,-0.313843
-0.097771,-0.935101,-1.094340,2.760751,1.189315,-0.666066,0.769084,0.766612,0.073827,1.053371
0.423490,-0.048032,-0.270173,-0.557199,-0.024399,-1.595750,-0.735129,0.068207,2.721224,0.388623
-1.814007,-1.341349,0.109076,0.241015,0.618968,1.279801,1.538151,0.236635,0.542187,0.715331
-0.676401,1.699130,0.585423,-1.499903,0.826224,-1.242957,-0.928565,-0.970186,-0.473773,-1.143999
0.195871,0.486230,0.193228,1.764682,-1.341738,-1.478894,1.383372,0.759185,0.315362,0.278971
-1.760479,-1.020541,-0.406662,-1.255973,-0.144038,-0.642349,1.688456,1.240111,1.277481,-1.258320
-1.915206,0.234926,-1.183485,0.082322,-0.875579,2.169067,-0.626254,1.062988,-2.297217,0.329557
0.032577,-0.711579,0.782838,1.216241,-0.561206,0.285030,-0.491628,0.268963,-0.840383,0.554850
0.077646,-0.141076,0.370028,-2.464702,-3.955226,3.338227,-1.262566,-1.532750,0.870818,-0.708215
0.490791,-0.328562,1.670110,1.561201,-0.244259,0.407786,-2.637418,-2.178363,0.666983,0.014372
0.715205,1.731062,1.034409,-2.802062,-3.857186,4.217550,-1.171651,-0.749984,-1.316928,0.014681
-0.701735,-1.004365,0.585620,-1.384089,3.769322,-1.012404,0.712831,0.827831,2.652958,0.296414
-0.194745,-1.167106,2.488680,-4.129094,-4.610645,5.622286,0.183313,-0.290647,-0.538463,1.126958
0.990526,-0.755090,-0.691205,1.720769,-2.143268,1.551983,-0.064677,-1.083753,-0.290195,-1.422698
-0.120671,1.369228,-0.192735,0.188377,-0.540497,2.149253,0.409263,1.286374,-0.088014,1.649959
1.237575,-0.216461,-0.951397,-0.421607,3.906284,-0.689076,1.959269,3.917781,0.404399,0.105608
0.536477,1.386453,-0.201863,1.025777,3.601675,-2.397497,-1.593453,2.394057,-1.225475,0.757229
-0.323446,-0.669681,-0.531633,0.505448,-2.546751,-1.037171,-0.704053,2.778887,-0.229162,1.039061
0.862017,0.070883,1.002610,-2.028406,1.640344,-0.501439,0.661724,-0.162808,-0.025777,1.058010
-0.886145,-0.296900,1.021382,-1.126356,-0.986958,1.065364,-1.046693,-1.268901,-0.021650,-0.441697
-0.198232,-1.008239,-1.315268,-1.147540,-1.957107,1.328552,0.841594,-1.709717,0.511894,-0.748154
-0.702468,0.206959,-0.064919,-3.263116,2.014437,0.400105,-0.310169,0.032195,0.936220,0.429762
0.697639,-0.823717,-0.098311,-2.744983,-3.618617,3.414680,0.047864,-2.824182,0.650522,0.770099
-0.400439,-0.027622,-1.262202,-2.064087,0.629830,1.359416,1.341135,0.275470,-0.681583,2.190009
-0.185230,0.607021,0.524753,0.404103,-0.279691,-0.144213,-2.109175,0.936961,-1.236541,-0.397392
-0.959163,0.515824,-0.052145,1.200524,-0.301717,0.685290,0.773853,2.167446,0.062294,-0.867651
-0.750406,0.685337,-1.355858,-2.321105,-1.991702,2.931778,-0.452730,0.417371,0.986483,0.024054
-0.377374,-1.106589,0.236841,0.770285,-1.683381,-1.224987,0.086287,1.092943,0.699742,0.179585
0.039497,-1.952337,0.644609,-0.610074,1.612615,0.172718,0.297301,1.254905,-0.625624,-1.331443
0.990941,0.098593,1.194849,1.281980,-1.058466,-1.628511,0.110669,1.232149,-0.767069,0.346582
-1.044980,-1.748782,-0.044032,-3.295090,-1.585033,3.188593,1.214758,-1.634497,0.754888,-0.470465
-0.691618,-2.037955,-0.018336,-4.566447,0.071903,1.429614,-1.212438,-0.653374,1.055694,0.484199
0.827506,-2.090311,-0.865202,-2.591368,1.270827,0.091301,0.077874,0.289016,-0.076915,-0.420085
0.716953,-0.716581,-0.130488,0.459831,0.142381,1.525486,-0.016773,-2.758651,-0.630392,0.597053
0.328231,0.681044,-0.599062,0.590431,-2.545959,-0.894178,-1.081238,3.610910,-0.223406,-0.494328
-0.161221,0.342378,1.129292,-0.167518,0.221326,-0.825694,-0.689902,0.306313,0.390245,-0.491259
-1.303460,-0.190708,-0.160185,3.463846,3.328809,-0.648006,-0.398169,5.028011,2.080228,-0.370197
0.945240,-0.355422,0.515883,1.449184,-1.794143,-1.180450,1.528924,0.535672,-0.877676,-0.296113
-1.155636,0.060557,0.591505,1.935529,2.593051,-0.248348,-0.821800,-0.124506,0.425138,-1.095490
0.657088,1.036385,-1.037245,-1.814931,-1.581062,2.004216,-1.045279,-1.413511,1.112997,-0.820346
-1.304637,-0.267836,0.604962,1.374020,-1.113533,1.243925,0.302032,0.300509,-0.153468,1.031077
-0.254918,0.889387,-0.293635,-0.194180,0.833724,0.372281,-0.349843,-1.580088,1.189102,0.978778
0.314695,0.567510,-0.105750,0.259761,-0.148886,-0.878992,2.882723,0.472381,0.608884,0.993481
1.212579,0.002757,-0.654046,0.720244,-2.938260,-0.376044,-0.925847,1.600809,0.635897,-0.197107
0.576855,1.704092,1.044162,1.736872,4.045761,-1.802166,-0.607703,2.710773,0.057943,-0.673421
0.514009,0.597000,-0.513890,1.604793,-1.498395,0.990354,-1.561402,1.469069,-1.844128,0.829892
-0.838855,0.092587,0.276503,0.787241,-2.034857,-0.779648,0.489470,1.671585,0.384993,1.716379
-1.589156,-1.163771,1.057763,0.445502,-0.791347,0.341299,0.159125,-3.465179,0.724802,-1.240080
-1.932725,-0.842087,1.272603,1.369221,-1.582613,0.106414,0.059361,0.901775,0.710390,-0.383765
0.884181,1.617361,-1.062811,-1.460158,1.838389,1.317308,0.950059,-1.464404,0.702978,1.265984
-1.915892,-0.383093,-0.006968,0.124293,0.489403,0.034204,0.568007,0.769135,1.153172,-1.308204
-0.412203,-0.558740,-0.533769,1.209749,-0.148046,0.514570,1.120054,-1.639181,-0.592914,-1.694149
1.058299,-1.505500,-0.772306,-1.965597,-0.386054,-1.427819,0.113452,-2.314480,-0.456693,-0.344530
-0.373126,-1.541329,0.112772,1.687933,-0.048779,-0.563094,-1.272109,-0.310735,0.593099,0.790398
0.324632,1.306338,-0.318642,2.242389,-1.714154,-1.565427,0.271250,0.101988,-1.510079,-0.024662
-0.052278,0.670193,-0.338346,-3.292739,0.211842,-0.180946,-0.126861,-1.100849,0.086574,1.262476
1.104121,-1.194802,-0.711422,1.290061,-0.981455,-0.619548,-1.785917,-0.511845,0.685279,-1.011428
-0.168029,2.326330,1.514036,0.847221,1.010011,-1.012564,0.727911,-1.717367,1.412716,0.454609
0.603005,1.574379,0.135529,-1.456996,-0.997161,1.942942,-0.874149,0.495772,-0.082340,0.747779
0.279855,0.075126,0.015952,-0.479782,-0.712000,0.352149,-0.973291,-1.301559,-1.109984,0.230127
-1.064542,-0.173932,1.181204,2.709386,-2.441279,1.815396,-2.275752,-0.705222,-0.804326,2.208234
-0.245829,-0.293270,-0.351803,-3.646926,-1.244395,-1.419382,-0.314313,-2.067108,0.081521,2.357649
-1.044580,1.917680,0.330931,1.224302,4.337095,-1.541176,2.271123,2.536279,1.071973,0.384263
-0.756971,1.371320,1.393162,1.620615,-0.190685,3.548823,0.280109,-1.441591,1.056212,1.130429
-0.802154,0.885360,-0.275794,-3.390884,1.109547,1.879098,-2.235221,-0.398556,-0.968715,-1.385155
-0.184631,1.314290,1.873910,0.949248,-0.708192,-0.584475,-0.616226,0.939843,0.638155,-0.225593
-1.211324,-0.602295,-0.637740,-1.248041,-0.423587,1.511642,-1.300665,0.374871,0.411016,0.134160
-0.635216,-0.046508,-1.150746,-1.039703,-0.989796,-0.554119,2.040309,-0.503992,1.301091,-0.169187
-0.578532,0.172422,-0.635958,1.049733,0.363933,-0.842522,2.809877,-1.759332,0.365867,2.741192
-0.565240,0.406782,-0.061101,0.860580,-1.390286,1.863932,0.352010,1.597625,-0.926881,-0.189864
1.487822,-0.797051,0.072261,-1.257893,1.520210,0.548317,-1.914207,0.337269,-0.006541,-1.541610
0.492863,1.065852,0.313831,-0.029801,-0.628143,-1.118299,-0.364899,1.299092,0.388207,0.167855
0.362853,0.305510,0.442498,0.969907,0.771977,-1.262859,-1.243247,1.206158,0.280402,0.111459
0.491102,-0.739231,0.490559,-1.963912,-0.346886,-0.023052,-1.172513,1.096108,-0.277634,-0.609137
0.871351,-0.293253,0.478927,-3.726572,-2.904072,0.997189,-0.553878,-0.544977,-0.044303,-0.258002
0.010476,-0.880025,-1.211077,0.178890,-0.112953,0.593133,-0.692646,0.836730,-0.657084,-0.392311
0.106624,-0.833101,-1.209944,1.212602,-3.358536,-0.983324,0.390318,2.074461,1.911683,0.737269
-0.483550,1.301825,-0.941496,-0.637346,-0.494358,4.455024,-1.546825,2.184080,-0.134391,0.310736
-1.271405,0.461396,0.366023,-2.035223,-0.845178,2.357659,-1.330208,2.578240,0.170511,-0.765825
-1.586569,1.085649,2.153100,-1.032691,-1.152532,1.245442,1.647557,0.315022,1.535070,-1.721722
-0.379283,-1.765527,-0.624529,0.103319,-0.714530,2.446387,0.835889,1.358751,-0.349173,0.730241
0.221806,-0.097273,-1.348427,2.276321,-0.271166,2.596828,0.381641,1.193322,0.129105,0.714894
0.216084,-0.730429,-0.167658,-0.580830,1.456709,-1.167297,0.152181,1.676930,-0.195142,-1.422655
0.426177,2.176363,1.263815,1.309798,4.394597,-1.941840,-2.901943,3.631100,0.959064,0.126867
2.116641,-1.672567,-0.378654,-0.834610,-0.593312,-1.215277,0.295173,-0.995255,-1.707653,-0.352725
-0.745318,1.265886,-0.818462,-2.140230,-2.227435,-3.116433,0.856342,0.378689,1.177288,-0.235933
-0.393290,0.781848,-1.665953,1.990140,1.017162,0.995631,0.339219,0.769889,1.292644,0.880777
-0.783971,-0.509366,0.772792,-2.435459,-1.702747,1.948474,0.805190,-3.004038,-1.013714,-0.238441
0.052162,-0.191890,0.703128,3.040132,-2.478224,-1.764613,-1.060642,0.929987,-0.050699,-0.048862
0.711739,-1.414654,-0.544053,-0.374906,1.039263,-1.427297,2.330530,1.389785,-0.917339,-0.232469
0.414453,-0.592218,-0.406527,2.401646,0.896201,0.917003,-1.333625,-1.190569,0.111489,-1.118591
0.856348,-0.190807,-0.403937,1.546059,-0.523467,-1.698707,-0.966999,-0.845350,-1.814359,0.238174
-0.255714,0.424159,-0.033735,0.865333,-1.406009,1.015943,0.256743,0.849377,-0.078144,0.688161
-0.060498,0.209923,1.061442,-2.276994,-1.500054,-1.505349,-1.029997,-2.547354,0.642644,-0.169691
-0.044694,-0.328361,-1.193241,-1.522017,-0.775054,-2.180455,0.847203,1.222862,0.615252,-0.219854
1.125403,-0.212870,-0.224177,1.443264,-1.091153,0.090814,0.119914,-1.450321,-0.303882,-0.881936
0.511958,-0.586901,-0.585815,-1.190097,-1.547876,-1.347185,0.455763,-0.497640,-0.875656,0.791812
0.711077,0.853750,-0.892525,0.161965,-0.505561,-0.651398,-0.432690,-2.623989,0.226508,-0.517203
-0.727907,-0.859722,-1.038894,0.842882,0.683052,-1.187123,-2.297187,-0.157654,0.698712,0.459658
-0.145188,-0.263406,-0.678081,0.977036,-1.572355,-1.135724,-2.123647,-0.269248,-0.472838,0.428452
-2.106184,1.811033,1.525048,-2.538653,0.922680,2.019028,-1.433244,0.600165,-0.758095,-0.921484
1.254425,-1.111767,0.686688,1.805594,-2.521249,-1.079102,1.181921,1.386459,1.551537,-3.452739
-1.183999,-1.573936,-1.438586,0.467385,-1.579048,-1.020392,-0.188480,-0.335367,0.030065,-0.857127
-1.143164,-0.878073,0.903394,-0.916095,-0.690031,-0.067254,0.243264,-3.703627,-0.574656,-0.666465
-1.228838,-0.123135,-0.312561,-1.597102,-2.723650,-1.035304,-0.292980,-0.735041,-0.817953,-0.015819
0.368474,0.680684,0.207427,-3.117384,-4.361244,4.572022,-1.354643,-0.910455,1.160669,0.855579
-2.137268,0.624156,1.646368,-1.333693,1.512602,1.592085,1.566172,1.143870,0.141511,0.885123
1.913411,-1.205435,-0.851499,2.526649,0.279298,-0.658924,-1.419214,-0.673501,0.834563,-0.442520
0.284684,-0.625914,1.655710,-3.003871,-1.663195,0.280379,0.611010,-0.609321,-0.039890,-1.449611
-0.111693,0.579326,1.318805,2.111792,-0.298371,-1.987585,1.735506,-0.230080,0.163776,0.801852
0.853657,-0.518210,-0.709548,1.543624,-0.454326,-0.793711,1.569644,0.226659,0.227698,0.469258
-1.649249,0.533872,1.115836,0.052512,0.166934,-0.391056,2.076529,-0.536797,1.007601,0.431832
-0.299202,0.758367,0.438735,0.246142,-0.946541,-1.630978,3.172993,1.678829,-0.110226,1.758424
1.223054,-0.755539,-1.355034,1.944911,0.617292,1.156491,0.241932,2.357453,0.891700,-0.399345
-1.296762,0.268267,-0.599325,3.232009,-1.118111,-0.884889,-0.925588,1.195640,-0.663500,-1.749586
0.563559,0.527675,1.120811,-0.167601,1.196178,1.095190,0.762199,-0.571879,0.117408,1.410768
-1.533536,3.557903,-0.947127,1.315676,-0.857952,0.189216,-1.582820,-1.944358,0.171759,-0.018899
0.037070,-2.283176,1.109762,3.527305,-3.464143,-0.802198,0.430035,2.209521,0.411516,0.609781
1.266235,-0.676102,-1.304653,-0.119772,0.446560,-0.570940,0.758746,-1.245305,0.165975,2.469604
1.044694,0.124261,-0.007515,1.328492,-0.438005,0.259367,0.058493,-0.200311,-0.031974,1.067005
0.839286,-0.374235,-0.602730,1.359943,1.318117,0.881577,0.378499,0.397624,0.401690,-1.259574
1.848568,0.635862,-0.549380,-1.532378,-1.331346,-1.331894,-0.427793,-1.489522,-1.606896,0.538083
1.062344,-1.230379,1.281840,-0.975312,-0.651377,-0.724833,-0.331924,-0.679797,0.087453,1.000817
-0.478730,0.758947,-1.648522,-0.152929,-0.879230,0.477368,-2.052891,0.540430,0.291802,-0.246298
-1.163686,-0.670029,1.151135,-2.929554,-1.006695,2.487439,-2.740813,-0.985486,0.993476,0.426432
-0.342047,-0.997474,0.703353,1.857851,-1.800968,-0.217380,0.483099,0.749882,-0.175270,-1.323405
0.801928,-0.771289,1.283502,1.183791,-1.796001,3.252846,0.021766,2.343623,0.157308,-1.433899
-0.197055,0.131099,0.800439,-1.680953,-0.674318,-1.770230,-0.747408,-1.036389,-2.697057,0.028389
-3.069432,0.370177,-0.180811,0.184376,-0.228930,1.802492,0.177784,0.174251,0.095965,-0.571843
-1.094060,1.844828,0.248071,-0.542168,-2.352605,-1.531984,0.359946,-0.881339,1.200544,0.184163
0.091793,0.708921,0.566641,-0.788919,-2.248773,-1.060641,-0.830723,-0.840057,1.096271,-0.685477
0.143979,-0.387064,0.347324,3.315784,0.734792,1.865517,-0.939553,1.549141,-1.856828,0.233018
0.542541,-0.688295,0.443294,1.025115,0.204408,-0.108890,1.765234,-0.075464,-0.807819,0.507183
-1.479457,0.831798,2.337451,1.311517,-1.034060,-1.407666,0.576325,0.889682,0.113194,-0.090747
-1.234523,0.084855,-0.964410,-0.514652,-0.807096,-1.125123,0.369429,-0.013110,0.459815,0.576386
-0.656753,-0.774203,-0.398515,-0.008591,-1.905649,-0.833322,-0.585497,0.863934,-0.396443,2.171724
-1.135986,0.945000,-1.726455,1.329936,-2.253468,-0.817513,1.119498,2.242224,0.220179,1.713577
-0.838344,-0.509397,-0.885057,1.216839,-1.624354,1.017166,0.435009,1.666237,0.346462,0.228617
0.320028,0.550228,-0.093148,2.289686,-0.819986,-1.987187,-0.023165,-0.670777,-0.947160,0.370440
-0.732061,0.742633,0.022365,0.060024,-2.106441,-0.390379,1.114065,-0.772065,0.493189,-0.312385
0.188991,-0.921698,-1.150816,-0.723597,0.197402,3.278198,-1.485356,1.123697,1.026777,-0.965356
-1.524887,-2.211307,0.589457,0.939501,-1.954158,1.276260,0.394602,-0.906555,-1.483973,-0.396256
0.372458,-0.572526,1.149106,1.134682,-0.623190,0.786888,-0.162285,-0.623041,0.370527,-1.507663
2.285580,-1.303110,0.098364,-1.904374,0.459688,2.964455,-0.707049,0.944398,0.236470,0.205351
0.522968,-0.255455,-0.855817,-1.185903,0.312761,-0.682203,0.672295,1.319138,0.287195,-0.669762
1.085945,0.307768,0.714630,1.387576,0.484400,-0.464182,0.375075,-0.234677,-1.610438,-0.103686
1.578006,0.208235,0.918329,-1.592661,-0.555507,2.804898,0.401778,0.951287,0.067238,-0.503616
-0.207364,-1.122105,0.535632,-0.117261,3.081291,0.004300,-0.647010,3.871781,-0.592042,-0.536453
-0.536447,-1.709886,-0.626394,-2.760767,-1.377499,3.052304,1.789238,-0.813106,-0.170628,-0.084024
0.276292,0.989550,0.092171,-3.113288,-1.351230,-2.807019,-0.318991,0.003768,0.311438,0.413717
-0.097560,0.113380,-1.273907,1.008985,3.204860,-1.369869,0.247150,3.937930,-0.565538,1.140983
-0.444528,-0.020783,-0.983060,0.510936,1.017347,0.363625,0.599088,-0.367115,-0.265241,-0.025433
-0.927008,1.109231,0.146017,2.334870,-1.293989,-1.180460,0.519727,0.516608,-0.845009,-0.488360
-1.605485,-0.020011,-0.556434,0.311369,-2.601588,3.547877,0.517411,2.869577,0.085166,-0.368971
1.128119,0.744821,-0.427456,-2.316675,1.150479,-0.575339,-0.802487,-0.839754,0.152021,-0.354998
-0.242563,0.514671,-1.761782,1.855234,-0.230522,-0.937331,0.504003,1.800226,-1.095130,-0.287513
-0.361862,2.083109,0.690599,0.518278,-2.438656,-1.141206,0.602941,1.901500,-2.531352,-0.317366
-1.527806,0.729584,2.097681,1.788817,-0.986694,-0.449632,0.867157,-1.759131,1.178138,-0.626413
-0.025623,-1.596311,0.405072,1.146605,-1.163253,1.243551,-0.702581,0.982993,0.029077,-1.912437
0.325795,0.631326,-0.694720,-0.635522,0.233029,-2.283500,0.197976,0.299709,-1.397980,0.891422
-1.893831,-1.072673,-1.665755,-0.343380,2.495771,0.376833,-0.494086,-1.389785,0.805387,-0.837755
-0.729248,-0.254911,1.379207,0.888153,-0.297322,-0.223552,0.127978,-0.122602,0.653339,0.750752
-0.160606,0.710620,0.371806,0.769603,-2.992517,-1.119213,0.222968,3.434751,0.852052,0.011818
-1.933474,0.377718,-0.873904,2.378515,1.347733,2.455753,0.105047,3.895917,-1.188720,1.232997
-0.312924,-0.643539,-1.444744,1.289811,4.155695,-1.813901,-0.632791,2.980609,0.612377,0.552689
0.287781,-0.688939,-0.263272,-0.992976,-0.719849,0.295145,0.597466,-3.361353,-0.633763,1.830006
0.176050,0.223067,-1.111226,-1.156850,-1.952374,1.241816,0.304703,-1.623074,-1.294998,0.642640
-0.121095,1.226010,0.150857,0.220035,1.069096,-1.579230,0.570137,2.300283,-0.116468,-0.813716
-0.044648,-1.057042,-0.382981,1.400090,-1.536975,-1.389642,-0.948178,1.891034,-0.143585,0.597827
-0.193986,-1.688602,0.328275,1.966393,-3.229640,2.160929,-1.292942,-1.658270,0.873060,-1.007900
-0.351308,-0.931667,-0.904622,0.560897,-0.403136,0.553473,-0.691932,-1.653976,-0.905530,-1.437081
-0.893893,0.321717,0.269987,0.389419,-1.073690,-0.494479,3.291091,-1.708949,-0.910092,1.311424
0.231770,0.391881,-0.883102,0.851829,-1.102626,-0.196896,-0.565037,-0.848488,-0.837319,0.734448
0.838382,-0.483968,-0.619696,1.354313,-1.146720,3.622188,1.103969,-0.612253,1.145537,-0.122056
0.821196,0.060587,-1.401746,0.475901,-0.911950,1.106876,1.112185,0.581729,-0.540904,0.276748
-0.083406,-0.187625,-1.938766,0.363545,-1.268491,-1.014990,-0.903220,2.161282,0.546371,-1.466091
-0.638992,0.516252,0.289153,0.412650,-0.874242,-1.246852,-0.339384,1.100501,-0.850974,-0.432882
-0.118692,0.468983,-1.604731,1.110375,-1.145285,-0.080126,-1.623173,0.503191,-0.706691,0.595267
1.095972,-1.304982,-2.520044,0.596681,0.528387,-0.923420,-1.772541,-0.144081,-1.029025,-0.002376
0.627199,2.720027,0.386325,1.966791,0.721017,1.418491,-0.223196,1.177684,0.053402,-0.842116
1.227853,0.030022,1.342334,2.058114,1.443492,-2.782263,-0.327618,-1.249925,0.112010,0.852732
0.051535,-0.723000,0.450492,-1.262710,0.355625,2.180055,0.138109,0.831069,-0.549354,0.329816
-0.075411,0.137745,1.144694,-0.544140,0.525850,-0.527092,-1.188034,-2.209839,-3.233142,0.003563
0.250145,0.953861,0.240007,0.292071,-1.096418,1.988130,-0.410842,-0.279846,-0.846183,1.787078
-0.690250,1.059390,0.396576,1.603915,-2.038083,3.958503,-0.165732,1.625330,-1.373180,1.517314
-0.614989,-1.631664,-1.686894,0.770981,0.475082,-1.374316,-1.715611,-1.932463,-1.253623,-0.966519
-0.239672,-0.233884,0.530264,-2.509522,-1.000492,-0.956130,-1.703988,-1.383023,-0.562184,1.790229
-0.656262,1.043762,-1.384726,0.937182,-0.261604,-0.034328,-0.419540,0.221199,0.562499,0.297517
-1.396731,-1.062712,1.201452,-0.091311,-1.923301,-1.379858,0.390987,1.690968,-1.821702,-0.177053
0.874534,0.375255,-1.019293,0.108893,0.703779,-1.718066,-0.560479,1.420286,1.265388,0.466169
0.684348,1.435737,-1.215778,1.579860,-2.659057,-1.117552,1.402650,3.431304,-0.919545,0.600486
2.054767,-1.137391,-0.221140,1.379572,0.643242,0.019775,0.412201,1.134090,0.183493,2.534065
0.292448,-0.303458,-0.170549,0.767709,-0.887776,1.520831,-2.159616,1.431936,0.725426,1.127175
0.895821,1.090303,-1.153159,2.211864,0.319771,-3.119405,3.072847,2.142635,0.173966,-0.142405
1.345123,-0.748973,1.667276,0.593370,4.127026,-1.607201,1.151225,2.392888,-0.134304,-0.083405
-0.501922,1.440452,-0.045247,0.184539,-0.120697,-1.097089,0.102526,-0.554822,-0.255686,0.429161
0.959538,-1.643124,-0.710342,0.424253,-0.268277,1.434335,-0.201831,1.617809,-0.874204,0.577239
-0.605835,0.762454,-0.870335,1.110938,0.633634,1.883188,0.387301,0.692323,-1.819600,-1.271704
-0.012344,-0.668144,0.025434,1.104676,-0.683310,0.850316,1.004228,-0.941652,-0.022410,-0.857177
-1.289587,2.111536,-1.378478,-0.633524,-0.616699,0.620804,-0.470493,-0.714671,-0.546950,0.555605
-1.500051,-0.795052,-1.942605,-1.381869,-0.498993,-0.344483,0.652737,1.448619,0.686612,0.160601
0.896485,-0.844234,-1.127933,1.515696,-1.583024,-1.173781,-0.568234,1.021287,-1.678928,-1.153700
0.029960,0.376743,1.337930,2.535488,-2.493575,0.942008,-0.192856,-0.476062,-2.146173,0.013501
0.987556,2.334783,-1.077288,-1.200377,0.981386,2.060308,1.073840,0.911196,1.558857,-0.331951
0.321371,-0.240118,0.632878,-2.866433,1.243789,-0.373986,-0.430514,-0.742470,-0.412560,-1.339743
-0.357867,-0.001826,0.442064,-3.154708,-1.631725,2.496289,-1.750164,-4.576625,1.199646,0.466411
-1.751953,0.260326,1.960036,1.008246,0.745954,0.571791,0.569036,-1.495460,-1.123928,-1.949085
-1.648187,0.420120,-0.651305,0.489238,0.631796,1.109536,-1.029787,1.887549,0.231085,1.377366
1.601191,0.102886,0.116864,1.445631,-0.917811,-0.390937,1.460204,0.195183,-1.740570,2.087124
-1.060358,-1.218342,0.047801,1.402315,-2.061579,2.056474,0.789411,2.132176,1.762603,1.550425
0.753157,0.389502,-0.223523,-0.691975,1.618346,2.639773,0.979139,2.183573,-2.359145,-3.221929
0.677121,0.792655,-1.031633,0.555610,-1.441376,2.564011,-0.832864,1.863587,1.416029,0.880085
0.985759,0.887272,-1.124291,-1.333588,-1.447632,-0.508737,0.364599,-0.874946,0.240601,1.674992
0.122151,0.493929,1.626178,3.437015,-0.356532,-0.010434,-0.611579,3.488056,2.218269,-0.913566
-0.841755,-1.310335,0.406457,-1.459329,2.082499,0.619670,0.650141,0.794580,-1.635126,-0.292223
0.195426,2.373620,0.449850,0.763886,0.224067,0.429067,1.518125,-0.008590,0.619487,0.545585
0.299533,0.838613,-0.339387,-2.057396,1.698265,-0.499729,-0.594230,0.194555,1.355731,0.626431
1.058358,-0.972186,2.246568,0.899592,-0.800566,-1.422461,0.151769,-3.524913,-0.509058,-0.881428
-0.561846,-0.378582,0.917427,-0.144598,-0.155426,1.971160,-1.741639,1.466762,-0.584199,0.168861
-0.892959,0.174300,0.560387,-1.419735,-0.604392,1.192701,-0.191242,-0.878148,-1.833366,-2.023918
1.823397,0.820931,-1.410006,-1.852993,0.307623,0.321777,0.167871,-0.155931,-0.812498,-1.217184
-0.256614,-0.294359,0.615943,-1.388790,-1.366109,-0.589832,1.112890,-0.651051,-0.979246,1.153157
-0.719355,0.265373,1.821649,-1.134862,-0.826304,-1.081487,-0.339841,-2.087217,0.809612,-0.425765
-1.939261,0.013306,-0.791071,1.328679,-0.508709,1.962753,-1.245413,-1.282977,0.756711,-0.400596
-0.272360,-0.099749,0.544214,-1.078465,0.349138,3.539515,0.187471,1.389219,0.156577,0.008844
0.135903,-0.159423,1.545303,2.515928,-0.626589,-1.238367,0.266056,0.070127,0.263275,-0.533157
0.601950,1.832416,-0.401308,-0.472901,0.313390,3.195075,0.642260,1.307218,-0.624325,0.415395
-0.038731,-0.080789,-0.012249,1.028141,2.381753,-0.414163,-0.236313,1.654009,0.879145,-0.106017
0.300264,0.661294,-1.148845,-0.210725,1.345043,0.961480,-0.914760,1.152941,0.790287,0.108655
0.734995,-0.980354,-0.431852,1.334743,-4.158026,-1.017591,-2.526543,2.919525,-0.161399,-0.155893
0.025694,-0.024012,0.932183,-0.177630,-2.176134,-0.536127,0.908508,-1.417391,-0.829333,0.065765
-0.597618,-0.491324,-2.418509,-1.820403,-0.448015,-1.002241,0.801009,-1.369633,0.225987,0.416337
0.301612,-0.740811,-1.019128,-1.198667,1.153115,2.156655,0.754850,1.089058,0.072282,-0.378585
-1.276437,0.974420,-1.778842,0.610061,-0.754877,1.825181,-0.501071,1.169540,0.016413,-1.721861
0.975955,-0.136115,0.861258,3.553387,2.718390,0.085703,1.548356,-0.032703,-2.228030,-1.279038
0.057502,-1.030086,1.249183,-0.197958,0.795844,1.693678,0.012759,1.539740,0.726250,-0.932191
-0.393859,-0.527320,-1.383842,3.757263,-0.196660,2.633162,-1.058880,0.354670,0.438975,-1.354273
0.603789,-0.901602,-0.516420,-2.148438,3.327524,-0.041456,-0.382745,1.756088,-0.787317,-1.178864
1.170822,0.683558,0.169334,0.294802,-0.832336,-0.809973,-0.890285,1.715479,-2.302112,0.623643
-1.250329,0.307454,0.685459,1.742295,1.020279,0.583102,1.163877,0.360568,0.392989,-1.912242
-0.455465,-1.926432,0.747044,1.014466,-2.511678,0.970217,0.655649,-2.079807,0.402707,-0.487735
0.209199,-1.728883,-0.267498,-3.047693,-0.005987,3.608796,-0.035568,0.416739,-0.729427,-0.388514
-1.306371,0.173968,0.063606,1.956524,3.125369,-1.338650,-0.793869,0.548645,1.095229,-0.573565
-1.758438,-1.446405,-0.202703,0.464895,-0.231666,0.635919,0.577449,-1.177413,-0.747368,-1.393006
-0.729179,-0.865169,-1.257522,0.336953,-0.621400,2.028637,-0.190662,1.230189,-1.636034,0.637165
2.478399,-1.284289,-0.609946,-0.250277,-0.811423,2.143970,-0.871029,-1.028103,0.708217,0.819838
0.312381,0.153055,1.448243,-3.364120,1.810081,3.171192,-0.453260,0.967208,0.285678,1.393862
-1.359027,-1.299443,0.869000,0.897304,0.583173,0.082868,-0.049186,-0.603748,0.528761,-0.371083
2.266273,0.781872,0.684145,0.770125,-2.439633,1.608003,1.197696,-1.214393,-2.323920,-0.371353
1.639092,1.008741,1.138554,-1.508728,2.701402,-0.699313,-1.222690,0.876498,-0.862205,-0.059177
-0.189749,-0.001330,1.142723,-2.314404,-0.378470,-0.231256,0.816439,-0.059799,-0.226098,0.362173
-0.115190,-0.057723,-1.036643,0.441028,-2.822049,2.242859,0.332576,-0.348773,-1.280061,1.310993
0.438346,-0.325219,0.634509,0.592177,-2.653386,-1.180956,0.395598,3.149740,-1.255524,-1.366921
-0.402345,0.090754,0.559759,-1.140900,0.959554,-1.854458,-1.894863,-1.198427,-0.283292,1.382316
-0.114481,-0.337922,0.046750,-1.954320,-1.067927,2.103558,1.611496,0.491369,-1.577508,-1.169947
-1.254946,0.140233,-0.429379,0.231656,0.317134,-2.636398,-0.776710,-1.032068,-0.976671,0.055808
